time,signal
0,0
1E-13,0
2E-13,0
3.99998E-13,0
7.99994E-13,0
1.59999E-12,0
3.19997E-12,0
6.39993E-12,0
1.27999E-11,0
2.27999E-11,0
3.28E-11,0
4.28001E-11,0
5.28002E-11,0
6.28002E-11,0
7.28003E-11,0
8.28004E-11,0
9.28005E-11,0
1.02801E-10,0
1.12801E-10,0
1.22801E-10,0
1.32801E-10,0
1.42801E-10,0
1.52801E-10,0
1.62801E-10,0
1.72801E-10,0
1.82801E-10,0
1.92801E-10,0
2.02801E-10,0
2.12801E-10,0
2.22801E-10,0
2.32802E-10,0
2.42802E-10,0
2.52802E-10,0
2.62802E-10,0
2.72802E-10,0
2.82802E-10,0
2.92802E-10,0
3.02802E-10,0
3.12802E-10,0
3.22802E-10,0
3.32802E-10,0
3.42802E-10,0
3.52802E-10,0
3.62803E-10,0
3.72803E-10,0
3.82803E-10,0
3.92803E-10,0
4.02803E-10,0
4.12803E-10,0
4.22803E-10,0
4.32803E-10,0
4.42803E-10,0
4.52803E-10,0
4.62803E-10,0
4.72803E-10,0
4.82803E-10,0
4.92804E-10,0
5.02804E-10,0
5.12804E-10,0
5.22804E-10,0
5.32804E-10,0
5.42804E-10,0
5.52804E-10,0
5.62804E-10,0
5.72804E-10,0
5.82804E-10,0
5.92804E-10,0
6.02804E-10,0
6.12804E-10,0
6.22805E-10,0
6.32805E-10,0
6.42805E-10,0
6.52805E-10,0
6.62805E-10,0
6.72805E-10,0
6.82805E-10,0
6.92805E-10,0
7.02805E-10,0
7.12805E-10,0
7.22805E-10,0
7.32805E-10,0
7.42805E-10,0
7.52806E-10,0
7.62806E-10,0
7.72806E-10,0
7.82806E-10,0
7.92806E-10,0
8.02806E-10,0
8.12806E-10,0
8.22806E-10,0
8.32806E-10,0
8.42806E-10,0
8.52806E-10,0
8.62806E-10,0
8.72806E-10,0
8.82806E-10,0
8.92807E-10,0
9.02807E-10,0
9.12807E-10,0
9.22807E-10,0
9.32807E-10,0
9.42807E-10,0
9.52807E-10,0
9.62807E-10,0
9.72807E-10,0
9.82807E-10,0
9.92807E-10,0
1.00281E-09,0
1.01281E-09,0
1.02281E-09,0
1.03281E-09,0
1.04281E-09,0
1.05281E-09,0
1.06281E-09,0
1.07281E-09,0
1.08281E-09,0
1.09281E-09,0
1.10281E-09,0
1.11281E-09,0
1.12281E-09,0
1.13281E-09,0
1.14281E-09,0
1.15281E-09,0
1.16281E-09,0
1.17281E-09,0
1.18281E-09,0
1.19281E-09,0
1.20281E-09,0
1.21281E-09,0
1.22281E-09,0
1.23281E-09,0
1.24281E-09,0
1.25281E-09,0
1.26281E-09,0
1.27281E-09,0
1.28281E-09,0
1.29281E-09,0
1.30281E-09,0
1.31281E-09,0
1.32281E-09,0
1.33281E-09,0
1.34281E-09,0
1.35281E-09,0
1.36281E-09,0
1.37281E-09,0
1.38281E-09,0
1.39281E-09,0
1.40281E-09,0
1.41281E-09,0
1.42281E-09,0
1.43281E-09,0
1.44281E-09,0
1.45281E-09,0
1.46281E-09,0
1.47281E-09,0
1.48281E-09,0
1.49281E-09,0
1.50281E-09,0
1.51281E-09,0
1.52281E-09,0
1.53281E-09,0
1.54281E-09,0
1.55281E-09,0
1.56281E-09,0
1.57281E-09,0
1.58281E-09,0
1.59281E-09,0
1.60281E-09,0
1.61281E-09,0
1.62281E-09,0
1.63281E-09,0
1.64281E-09,0
1.65281E-09,0
1.66281E-09,0
1.67281E-09,0
1.68281E-09,0
1.69281E-09,0
1.70281E-09,0
1.71281E-09,0
1.72281E-09,0
1.73281E-09,0
1.74281E-09,0
1.75281E-09,0
1.76281E-09,0
1.77281E-09,0
1.78281E-09,0
1.79281E-09,0
1.8E-09,0
1.801E-09,4.38E-09
1.803E-09,6.48E-08
1.807E-09,3.55E-07
1.815E-09,2.71E-06
1.825E-09,1.13E-05
1.835E-09,2.91E-05
1.845E-09,5.90E-05
1.855E-09,0.000103575
1.865E-09,0.000164784
1.875E-09,0.000244405
1.885E-09,0.000343866
1.895E-09,0.000464322
1.905E-09,0.000606679
1.915E-09,0.000771628
1.925E-09,0.000959663
1.935E-09,0.001171105
1.945E-09,0.001406126
1.955E-09,0.001664762
1.965E-09,0.001946934
1.975E-09,0.002252459
1.985E-09,2.58E-03
1.995E-09,2.93E-03
2.005E-09,3.31E-03
2.015E-09,3.70E-03
2.025E-09,4.12E-03
2.035E-09,4.56E-03
2.045E-09,5.01E-03
2.055E-09,5.49E-03
2.065E-09,0.005987875
2.075E-09,0.006502634
2.085E-09,0.00703507
2.095E-09,0.007584526
2.105E-09,0.008150342
2.115E-09,0.00873186
2.125E-09,0.009328425
2.135E-09,0.009939387
2.145E-09,0.010564106
2.155E-09,0.01120195
2.165E-09,0.011852297
2.175E-09,0.012514541
2.185E-09,0.013188086
2.195E-09,0.013872352
2.205E-09,0.014566774
2.215E-09,0.015270799
2.225E-09,0.015983896
2.235E-09,0.016705545
2.245E-09,0.017435243
2.255E-09,0.018172508
2.265E-09,0.018916868
2.275E-09,0.019667873
2.285E-09,2.04E-02
2.295E-09,2.12E-02
2.305E-09,2.20E-02
2.315E-09,2.27E-02
2.32501E-09,2.35E-02
2.33501E-09,2.43E-02
2.34501E-09,0.025076266
2.35501E-09,0.025866032
2.36501E-09,0.02665907
2.37501E-09,0.02745508
2.38501E-09,0.028253775
2.39501E-09,0.029054876
2.40501E-09,0.029858124
2.41501E-09,0.030663261
2.42501E-09,0.031470053
2.43501E-09,0.032278266
2.44501E-09,0.033087686
2.45501E-09,0.0338981
2.46501E-09,0.034709319
2.47501E-09,0.035521146
2.48501E-09,3.63E-02
2.49501E-09,3.71E-02
2.50501E-09,3.80E-02
2.51501E-09,3.88E-02
2.52501E-09,3.96E-02
2.53501E-09,0.04039555
2.54501E-09,0.041207124
2.55501E-09,0.042018104
2.56501E-09,0.042828381
2.57501E-09,0.043637834
2.58501E-09,0.044446364
2.59501E-09,0.045253869
2.6E-09,0.045656636
2.601E-09,0.045737296
2.603E-09,0.045898963
2.607E-09,0.046223447
2.615E-09,0.046884876
2.625E-09,0.047751907
2.635E-09,0.048685592
2.645E-09,0.049707148
2.655E-09,0.050834645
2.665E-09,0.05208334
2.675E-09,0.05346597
2.685E-09,0.054992992
2.695E-09,0.056672856
2.705E-09,0.058512188
2.715E-09,0.060516015
2.725E-09,0.062687933
2.735E-09,0.065030277
2.745E-09,0.067544252
2.755E-09,0.070230104
2.765E-09,0.073087201
2.775E-09,0.076114178
2.785E-09,0.079309002
2.795E-09,0.082669094
2.805E-09,0.086191393
2.815E-09,0.089872442
2.825E-09,0.093708418
2.835E-09,0.097695246
2.845E-09,0.101828605
2.855E-09,0.106104001
2.865E-09,0.110516787
2.875E-09,0.115062229
2.885E-09,0.119735517
2.895E-09,0.124531798
2.905E-09,0.129446194
2.915E-09,0.13447386
2.925E-09,0.139609963
2.935E-09,0.144849718
2.945E-09,0.150188372
2.955E-09,0.15562129
2.965E-09,0.161143899
2.975E-09,0.166751713
2.985E-09,0.172440335
2.995E-09,0.178205505
3.005E-09,0.184043035
3.015E-09,0.189948902
3.025E-09,0.195919141
3.035E-09,0.201949939
3.045E-09,0.208037615
3.055E-09,0.214178592
3.065E-09,0.220369413
3.075E-09,0.226606742
3.085E-09,0.232887372
3.095E-09,0.239208207
3.105E-09,0.245566279
3.115E-09,0.251958728
3.12501E-09,0.258382797
3.13501E-09,0.264835864
3.14501E-09,0.271315396
3.15501E-09,0.277818978
3.16501E-09,0.284344286
3.17501E-09,0.290889114
3.18501E-09,0.297451288
3.19501E-09,0.304028869
3.20501E-09,0.310619831
3.21501E-09,0.317222387
3.22501E-09,0.323834777
3.23501E-09,0.330455273
3.24501E-09,0.337082326
3.25501E-09,0.343714386
3.26501E-09,0.350350022
3.27501E-09,0.356987804
3.28501E-09,0.36362648
3.29501E-09,0.370264769
3.30501E-09,0.376901507
3.31501E-09,0.383535564
3.32501E-09,0.390165895
3.33501E-09,0.396791428
3.34501E-09,0.403411269
3.35501E-09,0.410024464
3.36501E-09,0.416630208
3.37501E-09,0.423227638
3.38501E-09,0.429816008
3.39501E-09,0.436394602
3.40501E-09,0.442962736
3.41501E-09,0.449519724
3.42501E-09,0.456064969
3.43501E-09,0.462597936
3.44501E-09,0.469118029
3.45501E-09,0.47562477
3.46501E-09,0.482117683
3.47501E-09,0.48859629
3.48501E-09,0.495060176
3.49501E-09,0.501508951
3.50501E-09,0.507942259
3.51501E-09,0.514359653
3.52501E-09,0.520760953
3.53501E-09,0.527145743
3.54501E-09,0.533513784
3.55501E-09,0.539864779
3.56501E-09,0.546198547
3.57501E-09,0.552514732
3.58501E-09,0.558813274
3.59501E-09,0.565093815
3.60501E-09,0.571356297
3.61501E-09,0.577600479
3.62501E-09,0.583826184
3.63501E-09,0.590033352
3.64501E-09,0.596221745
3.65501E-09,0.602391362
3.66501E-09,0.608541965
3.67501E-09,0.614673555
3.68501E-09,0.620786011
3.69501E-09,0.626879215
3.7E-09,0.629912853
3.701E-09,0.630520046
3.703E-09,0.631733239
3.707E-09,0.634156644
3.715E-09,0.638979435
3.725E-09,0.64494282
3.735E-09,0.650809467
3.745E-09,0.656555116
3.755E-09,0.662159204
3.765E-09,0.667604208
3.775E-09,0.672875583
3.785E-09,0.677961409
3.795E-09,0.68285197
3.805E-09,0.687539637
3.815E-09,0.692018747
3.825E-09,0.696285069
3.835E-09,0.70033592
3.845E-09,0.704169929
3.855E-09,0.707786739
3.865E-09,0.711187005
3.875E-09,0.714372396
3.885E-09,0.717345059
3.895E-09,0.720108032
3.905E-09,0.722664714
3.915E-09,0.725018978
3.925E-09,0.727175295
3.935E-09,0.729138255
3.945E-09,0.730912685
3.955E-09,0.732503831
3.965E-09,0.733916998
3.975E-09,0.73515743
3.985E-09,0.736230791
3.995E-09,0.737142503
4.005E-09,0.737898171
4.015E-09,0.738503337
4.025E-09,0.738963544
4.035E-09,0.739284277
4.045E-09,0.739470899
4.055E-09,0.739528716
4.065E-09,0.739463091
4.075E-09,0.739279032
4.085E-09,0.738981664
4.095E-09,0.738575876
4.105E-09,0.738066375
4.115E-09,0.737457871
4.125E-09,0.736754894
4.135E-09,0.735961854
4.145E-09,0.735082924
4.155E-09,0.734122336
4.165E-09,0.733083963
4.175E-09,0.731971681
4.185E-09,0.730789185
4.195E-09,0.72954005
4.205E-09,0.728227735
4.215E-09,0.726855576
4.22501E-09,0.725426674
4.23501E-09,0.723944128
4.24501E-09,0.722410917
4.25501E-09,0.720829725
4.26501E-09,0.719203413
4.27501E-09,0.717534423
4.28501E-09,0.71582526
4.29501E-09,0.714078367
4.30501E-09,0.712295949
4.31501E-09,0.710480154
4.32501E-09,0.708633065
4.33501E-09,0.706756651
4.34501E-09,0.704852819
4.35501E-09,0.702923357
4.36501E-09,0.700969934
4.37501E-09,0.698994219
4.38501E-09,0.696997762
4.39501E-09,0.694982052
4.40501E-09,0.69294852
4.41501E-09,0.690898418
4.42501E-09,0.688833117
4.43501E-09,0.686753809
4.44501E-09,0.684661627
4.45501E-09,0.682557642
4.46501E-09,0.680442989
4.47501E-09,0.67831856
4.48501E-09,0.67618531
4.49501E-09,0.674044132
4.50501E-09,0.671895921
4.51501E-09,0.669741452
4.52501E-09,0.667581439
4.53501E-09,0.665416658
4.54501E-09,0.663247764
4.55501E-09,0.661075413
4.56501E-09,0.658900201
4.57501E-09,0.656722665
4.58501E-09,0.654543459
4.59501E-09,0.652363002
4.60501E-09,0.65018189
4.61501E-09,0.648000419
4.62501E-09,0.645819187
4.63501E-09,0.643638551
4.64501E-09,0.641458869
4.65501E-09,0.639280498
4.66501E-09,0.637103856
4.67501E-09,0.63492918
4.68501E-09,0.632756889
4.69501E-09,0.630587161
4.70501E-09,0.628420353
4.71501E-09,0.626256704
4.72501E-09,0.624096394
4.73501E-09,0.621939719
4.74501E-09,0.619786859
4.75501E-09,0.617638052
4.76501E-09,0.615493417
4.77501E-09,0.613353193
4.78501E-09,0.611217558
4.79501E-09,0.609086573
4.80501E-09,0.606960475
4.81501E-09,0.604839385
4.82501E-09,0.60272342
4.83501E-09,0.60061264
4.84501E-09,0.598507285
4.85501E-09,0.596407294
4.86501E-09,0.594312906
4.87501E-09,0.592224181
4.88501E-09,0.590141177
4.89501E-09,0.588063896
4.90501E-09,0.585992575
4.91501E-09,0.583927155
4.92501E-09,0.581867695
4.93501E-09,0.579814374
4.94501E-09,0.577767074
4.95501E-09,0.575725973
4.96501E-09,0.57369107
4.97501E-09,0.571662366
4.98501E-09,0.569639981
4.99501E-09,0.567623854
5.00501E-09,0.565614104
5.01501E-09,0.563610673
5.02501E-09,0.561613679
5.03501E-09,0.559623063
5.04501E-09,0.557638884
5.05501E-09,0.555661082
5.06501E-09,0.553689778
5.07501E-09,0.55172497
5.08501E-09,0.5497666
5.09501E-09,0.547814667
5.10501E-09,0.545869291
5.11501E-09,0.543930352
5.12501E-09,0.541997969
5.13501E-09,0.540072024
5.14501E-09,0.538152635
5.15501E-09,0.536239684
5.16501E-09,0.534333229
5.17501E-09,0.532433271
5.18501E-09,0.530539811
5.19501E-09,0.528652787
5.20501E-09,0.526772261
5.21501E-09,0.524898171
5.22501E-09,0.523030519
5.23501E-09,0.521169364
5.24501E-09,0.519314587
5.25501E-09,0.517466247
5.26501E-09,0.515624344
5.27501E-09,0.513788819
5.28501E-09,0.511959672
5.29501E-09,0.510136902
5.30501E-09,0.508320451
5.31501E-09,0.506510377
5.32501E-09,0.504706621
5.33501E-09,0.502909184
5.34501E-09,0.501118064
5.35501E-09,0.499333173
5.36501E-09,0.49755457
5.37501E-09,0.495782226
5.38501E-09,0.494016111
5.39501E-09,0.492256194
5.40501E-09,0.490502477
5.41501E-09,0.488754958
5.42501E-09,0.487013578
5.43501E-09,0.485278368
5.44501E-09,0.483549267
5.45501E-09,0.481826276
5.46501E-09,0.480109364
5.47501E-09,0.478398532
5.48501E-09,0.476693749
5.49501E-09,0.474994987
5.50501E-09,0.473302275
5.51501E-09,0.471615523
5.52501E-09,0.469934762
5.53501E-09,0.46825996
5.54502E-09,0.46659109
5.55502E-09,0.46492812
5.56502E-09,0.463271081
5.57502E-09,0.461619914
5.58502E-09,0.459974587
5.59502E-09,0.458335131
5.60502E-09,0.456701487
5.61502E-09,0.455073625
5.62502E-09,0.453451574
5.63502E-09,0.451835275
5.64502E-09,0.450224727
5.65502E-09,0.448619902
5.66502E-09,0.447020769
5.67502E-09,0.445427328
5.68502E-09,0.44383958
5.69502E-09,0.442257434
5.70502E-09,0.440680951
5.71502E-09,0.43911007
5.72502E-09,0.437544763
5.73502E-09,0.435985059
5.74502E-09,0.434430867
5.75502E-09,0.43288222
5.76502E-09,0.431339085
5.77502E-09,0.429801464
5.78502E-09,0.428269297
5.79502E-09,0.426742584
5.80502E-09,0.425221324
5.81502E-09,0.423705459
5.82502E-09,0.422195017
5.83502E-09,0.42068994
5.84502E-09,0.419190198
5.85502E-09,0.41769582
5.86502E-09,0.416206777
5.87502E-09,0.414723039
5.88502E-09,0.413244575
5.89502E-09,0.411771387
5.90502E-09,0.410303444
5.91502E-09,0.408840716
5.92502E-09,0.407383204
5.93502E-09,0.405930907
5.94502E-09,0.404483765
5.95502E-09,0.40304178
5.96502E-09,0.40160495
5.97502E-09,0.400173217
5.98502E-09,0.39874661
5.99502E-09,0.397325069
6.00502E-09,0.395908594
6.01502E-09,0.394497186
6.02502E-09,0.393090785
6.03502E-09,0.39168939
6.04502E-09,0.390293032
6.05502E-09,0.388901621
6.06502E-09,0.387515157
6.07502E-09,0.386133641
6.08502E-09,0.384757072
6.09502E-09,0.38338539
6.10502E-09,0.382018596
6.11502E-09,0.380656689
6.12502E-09,0.379299641
6.13502E-09,0.37794742
6.14502E-09,0.376599997
6.15502E-09,0.375257403
6.16502E-09,0.373919576
6.17502E-09,0.372586548
6.18502E-09,0.371258259
6.19502E-09,0.369934678
6.20502E-09,0.368615836
6.21502E-09,0.367301702
6.22502E-09,0.365992248
6.23502E-09,0.364687473
6.24502E-09,0.363387316
6.25502E-09,0.36209181
6.26502E-09,0.360800922
6.27502E-09,0.359514654
6.28502E-09,0.358232945
6.29502E-09,0.356955826
6.30502E-09,0.355683267
6.31502E-09,0.354415208
6.32502E-09,0.353151709
6.33502E-09,0.35189268
6.34502E-09,0.350638151
6.35502E-09,0.349388093
6.36502E-09,0.348142505
6.37502E-09,0.346901357
6.38502E-09,0.34566462
6.39502E-09,0.344432294
6.40502E-09,0.343204379
6.41502E-09,0.341980815
6.42502E-09,0.340761632
6.43502E-09,0.33954677
6.44502E-09,0.338336259
6.45502E-09,0.33713007
6.46502E-09,0.335928172
6.47502E-09,0.334730566
6.48502E-09,0.333537221
6.49502E-09,0.332348138
6.50502E-09,0.331163287
6.51502E-09,0.329982668
6.52502E-09,0.328806251
6.53502E-09,0.327634007
6.54502E-09,0.326465964
6.55502E-09,0.325302094
6.56502E-09,0.324142367
6.57502E-09,0.322986782
6.58502E-09,0.321835279
6.59502E-09,0.32068792
6.60502E-09,0.319544643
6.61502E-09,0.318405449
6.62502E-09,0.317270279
6.63502E-09,0.316139191
6.64502E-09,0.315012127
6.65502E-09,0.313889086
6.66502E-09,0.312770039
6.67502E-09,0.311654985
6.68502E-09,0.310543925
6.69502E-09,0.309436798
6.70502E-09,0.308333635
6.71502E-09,0.307234406
6.72502E-09,0.306139082
6.73502E-09,0.305047661
6.74502E-09,0.303960145
6.75502E-09,0.302876502
6.76502E-09,0.301796705
6.77502E-09,0.300720781
6.78502E-09,0.299648672
6.79502E-09,0.298580408
6.80502E-09,0.297515959
6.81502E-09,0.296455264
6.82502E-09,0.295398384
6.83502E-09,0.29434526
6.84502E-09,0.29329589
6.85503E-09,0.292250276
6.86503E-09,0.291208386
6.87503E-09,0.290170193
6.88503E-09,0.289135695
6.89503E-09,0.288104922
6.90503E-09,0.287077785
6.91503E-09,0.286054343
6.92503E-09,0.285034537
6.93503E-09,0.284018338
6.94503E-09,0.283005804
6.95503E-09,0.281996846
6.96503E-09,0.280991524
6.97503E-09,0.279989749
6.98503E-09,0.27899158
6.99503E-09,0.277996927
7.00503E-09,0.277005851
7.01503E-09,0.276018292
7.02503E-09,0.275034279
7.03503E-09,0.274053752
7.04503E-09,0.273076713
7.05503E-09,0.27210319
7.06503E-09,0.271133095
7.07503E-09,0.270166487
7.08503E-09,0.269203335
7.09503E-09,0.268243581
7.10503E-09,0.267287284
7.11503E-09,0.266334385
7.12503E-09,0.265384883
7.13503E-09,0.264438748
7.14503E-09,0.263496011
7.15503E-09,0.262556612
7.16503E-09,0.261620581
7.17503E-09,0.260687888
7.18503E-09,0.259758502
7.19503E-09,0.258832455
7.20503E-09,0.257909685
7.21503E-09,0.256990194
7.22503E-09,0.256074011
7.23503E-09,0.255161077
7.24503E-09,0.25425142
7.25503E-09,0.253344983
7.26503E-09,0.252441794
7.27503E-09,0.251541823
7.28503E-09,0.250645041
7.29503E-09,0.249751478
7.30503E-09,0.248861089
7.31503E-09,0.247973874
7.32503E-09,0.247089818
7.33503E-09,0.246208921
7.34503E-09,0.245331168
7.35503E-09,0.244456545
7.36503E-09,0.243585035
7.37503E-09,0.242716625
7.38503E-09,0.24185133
7.39503E-09,0.240989104
7.40503E-09,0.240129948
7.41503E-09,0.239273876
7.42503E-09,0.238420844
7.43503E-09,0.237570852
7.44503E-09,0.236723885
7.45503E-09,0.235879943
7.46503E-09,0.235039011
7.47503E-09,0.234201074
7.48503E-09,0.233366132
7.49503E-09,0.232534155
7.50503E-09,0.231705144
7.51503E-09,0.230879098
7.52503E-09,0.230056003
7.53503E-09,0.229235828
7.54503E-09,0.228418574
7.55503E-09,0.22760424
7.56503E-09,0.226792812
7.57503E-09,0.225984275
7.58503E-09,0.225178629
7.59503E-09,0.224375844
7.60503E-09,0.22357592
7.61503E-09,0.222778857
7.62503E-09,0.221984625
7.63503E-09,0.221193239
7.64503E-09,0.220404655
7.65503E-09,0.219618902
7.66503E-09,0.218835935
7.67503E-09,0.21805577
7.68503E-09,0.217278376
7.69503E-09,0.216503769
7.70503E-09,0.215731904
7.71503E-09,0.21496281
7.72503E-09,0.214196444
7.73503E-09,0.213432819
7.74503E-09,0.212671906
7.75503E-09,0.211913705
7.76503E-09,0.211158216
7.77503E-09,0.210405424
7.78503E-09,0.209655315
7.79503E-09,0.208907872
7.80503E-09,0.208163098
7.81503E-09,0.207420975
7.82503E-09,0.206681505
7.83503E-09,0.205944657
7.84503E-09,0.205210447
7.85503E-09,0.20447886
7.86503E-09,0.203749865
7.87503E-09,0.203023478
7.88503E-09,0.202299684
7.89503E-09,0.201578468
7.90503E-09,0.20085983
7.91503E-09,0.20014374
7.92503E-09,0.199430212
7.93503E-09,0.198719218
7.94503E-09,0.198010772
7.95503E-09,0.197304845
7.96503E-09,0.196601436
7.97503E-09,0.19590053
7.98503E-09,0.195202127
7.99503E-09,0.194506213
8.00503E-09,0.193812788
8.01503E-09,0.193121821
8.02503E-09,0.192433327
8.03503E-09,0.191747293
8.04503E-09,0.191063687
8.05503E-09,0.19038254
8.06503E-09,0.189703807
8.07503E-09,0.189027488
8.08503E-09,0.188353598
8.09503E-09,0.187682092
8.10503E-09,0.187012985
8.11503E-09,0.186346278
8.12503E-09,0.185681939
8.13503E-09,0.185019955
8.14503E-09,0.18436034
8.15503E-09,0.18370308
8.16504E-09,0.183048174
8.17504E-09,0.182395577
8.18504E-09,0.181745321
8.19504E-09,0.181097388
8.20504E-09,0.180451766
8.21504E-09,0.179808438
8.22504E-09,0.179167405
8.23504E-09,0.178528652
8.24504E-09,0.177892178
8.25504E-09,0.177257985
8.26504E-09,0.176626042
8.27504E-09,0.175996348
8.28504E-09,0.175368905
8.29504E-09,0.174743697
8.30504E-09,0.174120724
8.31504E-09,0.173499972
8.32504E-09,0.172881424
8.33504E-09,0.172265097
8.34504E-09,0.171650946
8.35504E-09,0.171039
8.36504E-09,0.17042923
8.37504E-09,0.169821635
8.38504E-09,0.169216201
8.39504E-09,0.168612927
8.40504E-09,0.168011814
8.41504E-09,0.167412832
8.42504E-09,0.166815996
8.43504E-09,0.166221276
8.44504E-09,0.165628687
8.45504E-09,0.165038213
8.46504E-09,0.164449826
8.47504E-09,0.163863555
8.48504E-09,0.163279369
8.49504E-09,0.162697256
8.50504E-09,0.162117228
8.51504E-09,0.161539271
8.52504E-09,0.160963356
8.53504E-09,0.160389513
8.54504E-09,0.159817711
8.55504E-09,0.15924795
8.56504E-09,0.158680215
8.57504E-09,0.158114508
8.58504E-09,0.157550812
8.59504E-09,0.156989127
8.60504E-09,0.156429455
8.61504E-09,0.155871764
8.62504E-09,0.15531607
8.63504E-09,0.154762357
8.64504E-09,0.154210612
8.65504E-09,0.153660834
8.66504E-09,0.153113022
8.67504E-09,0.152567163
8.68504E-09,0.152023241
8.69504E-09,0.151481271
8.70504E-09,0.150941223
8.71504E-09,0.150403097
8.72504E-09,0.149866909
8.73504E-09,0.149332613
8.74504E-09,0.148800224
8.75504E-09,0.148269743
8.76504E-09,0.147741154
8.77504E-09,0.147214442
8.78504E-09,0.146689609
8.79504E-09,0.146166652
8.80504E-09,0.145645544
8.81504E-09,0.145126313
8.82504E-09,0.144608915
8.83504E-09,0.144093379
8.84504E-09,0.143579677
8.85504E-09,0.143067792
8.86504E-09,0.14255774
8.87504E-09,0.142049521
8.88504E-09,0.14154309
8.89504E-09,0.141038477
8.90504E-09,0.140535668
8.91504E-09,0.140034646
8.92504E-09,0.139535412
8.93504E-09,0.139037952
8.94504E-09,0.138542265
8.95504E-09,0.138048351
8.96504E-09,0.137556195
8.97504E-09,0.137065798
8.98504E-09,0.136577144
8.99504E-09,0.136090234
9.00504E-09,0.135605067
9.01504E-09,0.135121614
9.02504E-09,0.134639904
9.03504E-09,0.134159893
9.04504E-09,0.13368161
9.05504E-09,0.133205011
9.06504E-09,0.132730126
9.07504E-09,0.13225694
9.08504E-09,0.131785423
9.09504E-09,0.131315604
9.10504E-09,0.130847454
9.11504E-09,0.130380958
9.12504E-09,0.129916146
9.13504E-09,0.129452989
9.14504E-09,0.12899147
9.15504E-09,0.128531605
9.16504E-09,0.128073379
9.17504E-09,0.127616793
9.18504E-09,0.127161816
9.19504E-09,0.126708478
9.20504E-09,0.126256749
9.21504E-09,0.12580663
9.22504E-09,0.12535812
9.23504E-09,0.124911211
9.24504E-09,0.12446589
9.25504E-09,0.124022156
9.26504E-09,0.123580009
9.27504E-09,0.123139434
9.28504E-09,0.12270043
9.29504E-09,0.122262992
9.30504E-09,0.121827111
9.31504E-09,0.121392787
9.32504E-09,0.120960012
9.33504E-09,0.12052878
9.34504E-09,0.120099083
9.35504E-09,0.11967092
9.36504E-09,0.119244285
9.37504E-09,0.118819162
9.38504E-09,0.118395567
9.39504E-09,0.117973477
9.40504E-09,0.117552891
9.41504E-09,0.117133804
9.42504E-09,0.116716206
9.43504E-09,0.116300106
9.44504E-09,0.115885481
9.45504E-09,0.115472339
9.46504E-09,0.115060672
9.47504E-09,0.114650473
9.48505E-09,0.114241734
9.49505E-09,0.113834448
9.50505E-09,0.113428622
9.51505E-09,0.113024235
9.52505E-09,0.112621292
9.53505E-09,0.112219788
9.54505E-09,0.111819714
9.55505E-09,0.111421071
9.56505E-09,0.111023843
9.57505E-09,0.110628031
9.58505E-09,0.110233635
9.59505E-09,0.109840639
9.60505E-09,0.109449051
9.61505E-09,0.109058857
9.62505E-09,0.108670048
9.63505E-09,0.108282633
9.64505E-09,0.107896596
9.65505E-09,0.10751193
9.66505E-09,0.107128642
9.67505E-09,0.106746718
9.68505E-09,0.106366158
9.69505E-09,0.105986953
9.70505E-09,0.105609104
9.71505E-09,0.105232596
9.72505E-09,0.10485743
9.73505E-09,0.104483604
9.74505E-09,0.104111113
9.75505E-09,0.103739947
9.76505E-09,0.103370108
9.77505E-09,0.10300158
9.78505E-09,0.10263437
9.79505E-09,0.102268472
9.80505E-09,0.101903871
9.81505E-09,0.10154058
9.82505E-09,0.101178579
9.83505E-09,0.100817867
9.84505E-09,0.100458443
9.85505E-09,0.100100301
9.86505E-09,0.099743433
9.87505E-09,0.099387839
9.88505E-09,0.099033512
9.89505E-09,0.098680444
9.90505E-09,0.098328643
9.91505E-09,0.097978093
9.92505E-09,0.097628795
9.93505E-09,0.097280733
9.94505E-09,0.096933924
9.95505E-09,0.096588343
9.96505E-09,0.096244
9.97505E-09,0.095900878
9.98505E-09,0.095558986
9.99505E-09,0.095218308
1.0005E-08,0.094878845
1.0015E-08,0.094540596
1.0025E-08,0.094203547
1.0035E-08,0.093867704
1.0045E-08,0.093533054
1.0055E-08,0.093199603
1.0065E-08,0.092867337
1.0075E-08,0.092536256
1.0085E-08,0.092206359
1.0095E-08,0.091877632
1.0105E-08,0.091550082
1.0115E-08,0.091223702
1.0125E-08,0.090898477
1.01351E-08,0.090574414
1.01451E-08,0.090251513
1.01551E-08,0.08992976
1.01651E-08,0.089609146
1.01751E-08,0.08928968
1.01851E-08,0.088971362
1.01951E-08,0.088654168
1.02051E-08,0.088338107
1.02151E-08,0.088023171
1.02251E-08,0.08770936
1.02351E-08,0.087396674
1.02451E-08,0.087085098
1.02551E-08,0.086774625
1.02651E-08,0.086465269
1.02751E-08,0.086157009
1.02851E-08,0.085849859
1.02951E-08,0.085543796
1.03051E-08,0.085238822
1.03151E-08,0.084934935
1.03251E-08,0.084632136
1.03351E-08,0.084330417
1.03451E-08,0.084029771
1.03551E-08,0.083730198
1.03651E-08,0.083431691
1.03751E-08,0.083134249
1.03851E-08,0.082837865
1.03951E-08,0.082542546
1.04051E-08,0.082248271
1.04151E-08,0.081955053
1.04251E-08,0.081662871
1.04351E-08,0.08137174
1.04451E-08,0.081081644
1.04551E-08,0.080792576
1.04651E-08,0.080504544
1.04751E-08,0.08021754
1.04851E-08,0.079931557
1.04951E-08,0.079646595
1.05051E-08,0.079362646
1.05151E-08,0.07907971
1.05251E-08,0.078797787
1.05351E-08,0.078516863
1.05451E-08,0.078236945
1.05551E-08,0.077958018
1.05651E-08,0.077680096
1.05751E-08,0.077403158
1.05851E-08,0.077127211
1.05951E-08,0.07685224
1.06051E-08,0.076578259
1.06151E-08,0.076305248
1.06251E-08,0.076033212
1.06351E-08,0.075762153
1.06451E-08,0.075492047
1.06551E-08,0.075222917
1.06651E-08,0.074954741
1.06751E-08,0.074687518
1.06851E-08,0.074421249
1.06951E-08,0.074155934
1.07051E-08,0.073891558
1.07151E-08,0.073628128
1.07251E-08,0.073365636
1.07351E-08,0.073104084
1.07451E-08,0.072843462
1.07551E-08,0.072583765
1.07651E-08,0.072324999
1.07751E-08,0.072067156
1.07851E-08,0.071810231
1.07951E-08,0.071554221
1.08051E-08,0.071299121
1.08151E-08,0.071044937
1.08251E-08,0.070791654
1.08351E-08,0.070539273
1.08451E-08,0.070287794
1.08551E-08,0.070037216
1.08651E-08,0.069787525
1.08751E-08,0.069538727
1.08851E-08,0.069290809
1.08951E-08,0.069043785
1.09051E-08,0.068797641
1.09151E-08,0.068552367
1.09251E-08,0.068307973
1.09351E-08,0.068064451
1.09451E-08,0.067821793
1.09551E-08,0.06758
1.09651E-08,0.06733907
1.09751E-08,0.067099005
1.09851E-08,0.066859789
1.09951E-08,0.06662143
1.10051E-08,0.066383921
1.10151E-08,0.066147253
1.10251E-08,0.065911435
1.10351E-08,0.065676451
1.10451E-08,0.065442309
1.10551E-08,0.065209001
1.10651E-08,0.064976528
1.10751E-08,0.064744875
1.10851E-08,0.064514056
1.10951E-08,0.064284056
1.11051E-08,0.064054877
1.11151E-08,0.063826516
1.11251E-08,0.063598968
1.11351E-08,0.063372232
1.11451E-08,0.063146308
1.11551E-08,0.062921189
1.11651E-08,0.062696867
1.11751E-08,0.062473346
1.11851E-08,0.062250622
1.11951E-08,0.062028695
1.12051E-08,0.061807554
1.12151E-08,0.061587207
1.12251E-08,0.061367642
1.12351E-08,0.061148863
1.12451E-08,0.060930859
1.12551E-08,0.060713638
1.12651E-08,0.060497187
1.12751E-08,0.060281508
1.12851E-08,0.060066599
1.12951E-08,0.059852459
1.13051E-08,0.059639078
1.13151E-08,0.05942646
1.13251E-08,0.059214599
1.13351E-08,0.059003495
1.13451E-08,0.058793139
1.13551E-08,0.058583539
1.13651E-08,0.058374681
1.13751E-08,0.058166571
1.13851E-08,0.057959203
1.13951E-08,0.057752572
1.14051E-08,0.057546679
1.14151E-08,0.05734152
1.14251E-08,0.057137091
1.14351E-08,0.056933392
1.14451E-08,0.056730419
1.14551E-08,0.056528173
1.14651E-08,0.056326643
1.14751E-08,0.056125835
1.14851E-08,0.055925742
1.14951E-08,0.055726361
1.15051E-08,0.055527691
1.15151E-08,0.055329729
1.15251E-08,0.055132475
1.15351E-08,0.054935921
1.15451E-08,0.054740071
1.15551E-08,0.054544918
1.15651E-08,0.054350462
1.15751E-08,0.054156695
1.15851E-08,0.053963624
1.15951E-08,0.053771239
1.16051E-08,0.053579539
1.16151E-08,0.053388521
1.16251E-08,0.053198189
1.16351E-08,0.05300853
1.16451E-08,0.05281955
1.16551E-08,0.052631244
1.16651E-08,0.052443609
1.16751E-08,0.052256644
1.16851E-08,0.052070342
1.16951E-08,0.051884707
1.17051E-08,0.051699735
1.17151E-08,0.051515419
1.17251E-08,0.051331762
1.17351E-08,0.051148761
1.17451E-08,0.050966412
1.17551E-08,0.050784711
1.17651E-08,0.050603658
1.17751E-08,0.050423253
1.17851E-08,0.050243489
1.17951E-08,0.050064366
1.18051E-08,0.049885884
1.18151E-08,0.049708035
1.18251E-08,0.049530823
1.18351E-08,0.04935424
1.18451E-08,0.049178287
1.18551E-08,0.049002964
1.18651E-08,0.048828263
1.18751E-08,0.048654184
1.18851E-08,0.048480727
1.18951E-08,0.048307892
1.19051E-08,0.048135668
1.19151E-08,0.047964059
1.19251E-08,0.047793064
1.19351E-08,0.047622677
1.19451E-08,0.047452901
1.19551E-08,0.047283724
1.19651E-08,0.047115155
1.19751E-08,0.046947185
1.19851E-08,0.046779815
1.19951E-08,0.046613038
1.20051E-08,0.04644686
1.20151E-08,0.046281271
1.20251E-08,0.046116274
1.20351E-08,0.045951866
1.20451E-08,0.045788046
1.20551E-08,0.045624807
1.20651E-08,0.04546215
1.20751E-08,0.045300074
1.20851E-08,0.045138575
1.20951E-08,0.04497765
1.21051E-08,0.044817302
1.21151E-08,0.044657525
1.21251E-08,0.044498317
1.21351E-08,0.044339675
1.21451E-08,0.0441816
1.21551E-08,0.044024087
1.21651E-08,0.043867141
1.21751E-08,0.04371075
1.21851E-08,0.043554917
1.21951E-08,0.043399639
1.22051E-08,0.043244917
1.22151E-08,0.043090742
1.22251E-08,0.042937122
1.22351E-08,0.042784046
1.22451E-08,0.042631518
1.22551E-08,0.042479534
1.22651E-08,0.042328089
1.22751E-08,0.042177185
1.22851E-08,0.042026822
1.22951E-08,0.04187699
1.23051E-08,0.041727696
1.23151E-08,0.041578934
1.23251E-08,0.041430701
1.23351E-08,0.041282997
1.23451E-08,0.041135818
1.23551E-08,0.040989164
1.23651E-08,0.040843036
1.23751E-08,0.040697426
1.23851E-08,0.040552337
1.23951E-08,0.040407762
1.24051E-08,0.040263705
1.24151E-08,0.040120162
1.24251E-08,0.03997713
1.24351E-08,0.039834607
1.24451E-08,0.039692596
1.24551E-08,0.039551087
1.24651E-08,0.039410084
1.24751E-08,0.039269581
1.24851E-08,0.039129585
1.24951E-08,0.038990084
1.25051E-08,0.038851079
1.25151E-08,0.038712572
1.25251E-08,0.038574558
1.25351E-08,0.038437039
1.25451E-08,0.038300004
1.25551E-08,0.038163461
1.25651E-08,0.038027406
1.25751E-08,0.037891835
1.25851E-08,0.037756748
1.25951E-08,0.037622143
1.26051E-08,0.037488014
1.26151E-08,0.037354369
1.26251E-08,0.037221197
1.26351E-08,0.037088498
1.26451E-08,0.036956273
1.26551E-08,0.036824521
1.26651E-08,0.036693238
1.26751E-08,0.036562424
1.26851E-08,0.036432076
1.26951E-08,0.036302194
1.27051E-08,0.036172774
1.27151E-08,0.036043812
1.27251E-08,0.035915315
1.27351E-08,0.035787273
1.27451E-08,0.035659686
1.27551E-08,0.035532556
1.27651E-08,0.035405882
1.27751E-08,0.035279654
1.27851E-08,0.035153881
1.27951E-08,0.035028554
1.28051E-08,0.034903675
1.28151E-08,0.034779239
1.28251E-08,0.034655247
1.28351E-08,0.034531698
1.28451E-08,0.034408592
1.28551E-08,0.034285922
1.28651E-08,0.034163687
1.28751E-08,0.034041893
1.28851E-08,0.03392053
1.28951E-08,0.0337996
1.29051E-08,0.033679102
1.29151E-08,0.033559032
1.29251E-08,0.03343939
1.29351E-08,0.033320177
1.29451E-08,0.033201389
1.29551E-08,0.033083022
1.29651E-08,0.032965079
1.29751E-08,0.032847553
1.29851E-08,0.032730449
1.29951E-08,0.032613762
1.30051E-08,0.032497492
1.30151E-08,0.032381635
1.30251E-08,0.032266192
1.30351E-08,0.032151159
1.30451E-08,0.032036539
1.30551E-08,0.031922325
1.30651E-08,0.031808518
1.30751E-08,0.03169512
1.30851E-08,0.031582125
1.30951E-08,0.031469531
1.31051E-08,0.031357337
1.31151E-08,0.031245546
1.31251E-08,0.031134153
1.31351E-08,0.031023158
1.31451E-08,0.030912556
1.31551E-08,0.03080235
1.31651E-08,0.030692538
1.31751E-08,0.030583115
1.31851E-08,0.030474083
1.31951E-08,0.030365441
1.32051E-08,0.030257186
1.32151E-08,0.030149316
1.32251E-08,0.030041831
1.32351E-08,0.02993473
1.32451E-08,0.02982801
1.32551E-08,0.02972167
1.32651E-08,0.02961571
1.32751E-08,0.029510127
1.32851E-08,0.029404921
1.32951E-08,0.02930009
1.33051E-08,0.029195633
1.33151E-08,0.029091546
1.33251E-08,0.028987832
1.33351E-08,0.028884489
1.33451E-08,0.028781513
1.33551E-08,0.028678905
1.33651E-08,0.028576661
1.33751E-08,0.028474784
1.33851E-08,0.028373268
1.33951E-08,0.028272115
1.34051E-08,0.028171321
1.34151E-08,0.028070889
1.34251E-08,0.027970813
1.34351E-08,0.027871095
1.34451E-08,0.027771732
1.34551E-08,0.027672723
1.34651E-08,0.027574068
1.34751E-08,0.027475763
1.34851E-08,0.02737781
1.34951E-08,0.027280206
1.35051E-08,0.02718295
1.35151E-08,0.02708604
1.35251E-08,0.026989475
1.35351E-08,0.026893256
1.35451E-08,0.026797378
1.35551E-08,0.026701843
1.35651E-08,0.026606649
1.35751E-08,0.026511794
1.35851E-08,0.026417278
1.35951E-08,0.026323097
1.36051E-08,0.026229253
1.36151E-08,0.026135745
1.36251E-08,0.026042568
1.36351E-08,0.025949724
1.36451E-08,0.02585721
1.36551E-08,0.025765028
1.36651E-08,0.025673172
1.36751E-08,0.025581645
1.36851E-08,0.025490444
1.36951E-08,0.025399569
1.37051E-08,0.025309017
1.37151E-08,0.025218789
1.37251E-08,0.025128881
1.37351E-08,0.025039295
1.37451E-08,0.024950027
1.37551E-08,0.024861077
1.37651E-08,0.024772445
1.37751E-08,0.024684129
1.37851E-08,0.024596129
1.37951E-08,0.024508441
1.38051E-08,0.024421066
1.38151E-08,0.024334002
1.38251E-08,0.02424725
1.38351E-08,0.024160806
1.38451E-08,0.024074672
1.38551E-08,0.023988843
1.38651E-08,0.02390332
1.38751E-08,0.023818104
1.38851E-08,0.023733189
1.38951E-08,0.023648579
1.39051E-08,0.02356427
1.39151E-08,0.023480261
1.39251E-08,0.023396552
1.39351E-08,0.02331314
1.39451E-08,0.023230027
1.39551E-08,0.02314721
1.39651E-08,0.023064688
1.39751E-08,0.02298246
1.39851E-08,0.022900525
1.39951E-08,0.022818884
1.40051E-08,0.022737531
1.40151E-08,0.022656471
1.40251E-08,0.022575699
1.40351E-08,0.022495214
1.40451E-08,0.022415016
1.40551E-08,0.022335105
1.40651E-08,0.022255478
1.40751E-08,0.022176135
1.40851E-08,0.022097075
1.40951E-08,0.022018297
1.41051E-08,0.021939801
1.41151E-08,0.021861583
1.41251E-08,0.021783644
1.41351E-08,0.021705983
1.41451E-08,0.0216286
1.41551E-08,0.021551492
1.41651E-08,0.021474659
1.41751E-08,0.021398099
1.41851E-08,0.021321815
1.41951E-08,0.0212458
1.42051E-08,0.021170057
1.42151E-08,0.021094583
1.42251E-08,0.021019379
1.42351E-08,0.020944443
1.42451E-08,0.020869775
1.42551E-08,0.020795371
1.42651E-08,0.020721234
1.42751E-08,0.020647362
1.42851E-08,0.020573752
1.42951E-08,0.020500405
1.43051E-08,0.020427318
1.43151E-08,0.020354493
1.43251E-08,0.020281928
1.43351E-08,0.020209622
1.43451E-08,0.020137573
1.43551E-08,0.020065779
1.43651E-08,0.019994244
1.43751E-08,0.019922962
1.43851E-08,0.019851934
1.43951E-08,0.019781161
1.44051E-08,0.019710639
1.44151E-08,0.019640369
1.44251E-08,0.019570349
1.44351E-08,0.01950058
1.44451E-08,0.019431058
1.44551E-08,0.019361785
1.44651E-08,0.019292759
1.44751E-08,0.019223979
1.44851E-08,0.019155443
1.44951E-08,0.019087153
1.45051E-08,0.019019105
1.45151E-08,0.018951299
1.45251E-08,0.018883737
1.45351E-08,0.018816413
1.45451E-08,0.018749332
1.45551E-08,0.018682489
1.45651E-08,0.018615885
1.45751E-08,0.018549517
1.45851E-08,0.018483385
1.45951E-08,0.018417491
1.46051E-08,0.018351831
1.46151E-08,0.018286405
1.46251E-08,0.018221213
1.46351E-08,0.018156253
1.46451E-08,0.018091524
1.46551E-08,0.018027026
1.46651E-08,0.017962757
1.46751E-08,0.01789872
1.46851E-08,0.017834909
1.46951E-08,0.017771326
1.47051E-08,0.01770797
1.47151E-08,0.017644839
1.47251E-08,0.017581934
1.47351E-08,0.017519252
1.47451E-08,0.017456794
1.47551E-08,0.017394559
1.47651E-08,0.017332546
1.47751E-08,0.017270755
1.47851E-08,0.017209182
1.47951E-08,0.01714783
1.48051E-08,0.017086696
1.48151E-08,0.017025782
1.48251E-08,0.016965082
1.48351E-08,0.0169046
1.48451E-08,0.016844334
1.48551E-08,0.016784282
1.48651E-08,0.016724445
1.48751E-08,0.016664822
1.48851E-08,0.016605409
1.48951E-08,0.01654621
1.49051E-08,0.01648722
1.49151E-08,0.016428443
1.49251E-08,0.016369874
1.49351E-08,0.016311513
1.49451E-08,0.016253361
1.49551E-08,0.016195416
1.49651E-08,0.016137678
1.49751E-08,0.016080147
1.49851E-08,0.01602282
1.49951E-08,0.015965696
1.50051E-08,0.015908778
1.50151E-08,0.01585206
1.50251E-08,0.015795548
1.50351E-08,0.015739234
1.50451E-08,0.015683122
1.50551E-08,0.015627211
1.50651E-08,0.015571498
1.50751E-08,0.015515985
1.50851E-08,0.015460669
1.50951E-08,0.015405551
1.51051E-08,0.015350628
1.51151E-08,0.015295901
1.51251E-08,0.015241371
1.51351E-08,0.015187033
1.51451E-08,0.01513289
1.51551E-08,0.01507894
1.51651E-08,0.015025183
1.51751E-08,0.014971617
1.51851E-08,0.014918242
1.51951E-08,0.014865057
1.52051E-08,0.014812062
1.52151E-08,0.014759255
1.52251E-08,0.014706637
1.52351E-08,0.014654206
1.52451E-08,0.014601963
1.52551E-08,0.014549905
1.52651E-08,0.014498034
1.52751E-08,0.014446347
1.52851E-08,0.014394845
1.52951E-08,0.014343525
1.53051E-08,0.014292389
1.53151E-08,0.014241436
1.53251E-08,0.014190664
1.53351E-08,0.014140073
1.53451E-08,0.014089663
1.53551E-08,0.014039432
1.53651E-08,0.01398938
1.53751E-08,0.013939506
1.53851E-08,0.013889811
1.53951E-08,0.013840293
1.54051E-08,0.01379095
1.54151E-08,0.013741785
1.54251E-08,0.013692793
1.54351E-08,0.013643977
1.54451E-08,0.013595336
1.54551E-08,0.013546867
1.54651E-08,0.013498572
1.54751E-08,0.013450447
1.54851E-08,0.013402496
1.54951E-08,0.013354715
1.55051E-08,0.013307104
1.55151E-08,0.013259662
1.55251E-08,0.013212391
1.55351E-08,0.013165288
1.55451E-08,0.013118352
1.55551E-08,0.013071584
1.55651E-08,0.013024983
1.55751E-08,0.012978547
1.55851E-08,0.012932277
1.55951E-08,0.012886173
1.56051E-08,0.012840233
1.56151E-08,0.012794456
1.56251E-08,0.012748843
1.56351E-08,0.012703392
1.56451E-08,0.012658103
1.56551E-08,0.012612976
1.56651E-08,0.012568009
1.56751E-08,0.012523203
1.56851E-08,0.012478557
1.56951E-08,0.01243407
1.57051E-08,0.012389741
1.57151E-08,0.012345571
1.57251E-08,0.012301558
1.57351E-08,0.012257702
1.57451E-08,0.012214002
1.57551E-08,0.012170458
1.57651E-08,0.012127069
1.57751E-08,0.012083835
1.57851E-08,0.012040755
1.57951E-08,0.011997828
1.58051E-08,0.011955055
1.58151E-08,0.011912434
1.58251E-08,0.011869965
1.58351E-08,0.011827648
1.58451E-08,0.011785481
1.58551E-08,0.011743465
1.58651E-08,0.011701599
1.58751E-08,0.011659881
1.58851E-08,0.011618312
1.58951E-08,0.011576893
1.59051E-08,0.01153562
1.59151E-08,0.011494494
1.59251E-08,0.011453516
1.59351E-08,0.011412683
1.59451E-08,0.011371995
1.59551E-08,0.011331453
1.59651E-08,0.011291056
1.59751E-08,0.011250802
1.59851E-08,0.011210692
1.59951E-08,0.011170724
1.60051E-08,0.0111309
1.60151E-08,0.011091217
1.60251E-08,0.011051676
1.60351E-08,0.011012276
1.60451E-08,0.010973017
1.60551E-08,0.010933897
1.60651E-08,0.010894916
1.60751E-08,0.010856075
1.60851E-08,0.010817372
1.60951E-08,0.010778807
1.61051E-08,0.01074038
1.61151E-08,0.010702089
1.61251E-08,0.010663935
1.61351E-08,0.010625917
1.61451E-08,0.010588035
1.61551E-08,0.010550288
1.61651E-08,0.010512675
1.61751E-08,0.010475197
1.61851E-08,0.010437852
1.61951E-08,0.01040064
1.62051E-08,0.01036356
1.62151E-08,0.010326614
1.62251E-08,0.010289798
1.62351E-08,0.010253114
1.62451E-08,0.010216561
1.62551E-08,0.010180138
1.62651E-08,0.010143844
1.62751E-08,0.010107681
1.62851E-08,0.010071646
1.62951E-08,0.01003574
1.63051E-08,0.009999962
1.63151E-08,0.009964311
1.63251E-08,0.009928787
1.63351E-08,0.00989339
1.63451E-08,0.009858119
1.63551E-08,0.009822974
1.63651E-08,0.009787954
1.63751E-08,0.00975306
1.63851E-08,0.009718289
1.63951E-08,0.009683643
1.64051E-08,0.009649119
1.64151E-08,0.009614719
1.64251E-08,0.009580442
1.64351E-08,0.009546286
1.64451E-08,0.009512253
1.64551E-08,0.009478342
1.64651E-08,0.009444551
1.64751E-08,0.00941088
1.64851E-08,0.009377329
1.64951E-08,0.009343898
1.65051E-08,0.009310586
1.65151E-08,0.009277393
1.65251E-08,0.009244318
1.65351E-08,0.009211361
1.65451E-08,0.009178522
1.65551E-08,0.0091458
1.65651E-08,0.009113194
1.65751E-08,0.009080705
1.65851E-08,0.009048332
1.65951E-08,0.009016073
1.66051E-08,0.008983931
1.66151E-08,0.008951901
1.66251E-08,0.008919988
1.66351E-08,0.008888187
1.66451E-08,0.0088565
1.66551E-08,0.008824926
1.66651E-08,0.008793464
1.66751E-08,0.008762115
1.66851E-08,0.008730876
1.66951E-08,0.008699751
1.67051E-08,0.008668735
1.67151E-08,0.00863783
1.67251E-08,0.008607036
1.67351E-08,0.00857635
1.67451E-08,0.008545775
1.67551E-08,0.008515309
1.67651E-08,0.008484951
1.67751E-08,0.008454701
1.67851E-08,0.00842456
1.67951E-08,0.008394525
1.68051E-08,0.008364598
1.68151E-08,0.008334777
1.68251E-08,0.008305063
1.68351E-08,0.008275455
1.68451E-08,0.008245952
1.68551E-08,0.008216554
1.68651E-08,0.008187261
1.68751E-08,0.008158074
1.68851E-08,0.008128989
1.68951E-08,0.008100009
1.69051E-08,0.008071131
1.69151E-08,0.008042357
1.69251E-08,0.008013685
1.69351E-08,0.007985116
1.69451E-08,0.007956648
1.69551E-08,0.007928282
1.69651E-08,0.007900017
1.69751E-08,0.007871853
1.69851E-08,0.007843789
1.69951E-08,0.007815825
1.70051E-08,0.007787961
1.70151E-08,0.007760196
1.70251E-08,0.007732531
1.70351E-08,0.007704963
1.70451E-08,0.007677495
1.70551E-08,0.007650123
1.70651E-08,0.00762285
1.70751E-08,0.007595674
1.70851E-08,0.007568595
1.70951E-08,0.007541612
1.71051E-08,0.007514725
1.71151E-08,0.007487935
1.71251E-08,0.00746124
1.71351E-08,0.00743464
1.71451E-08,0.007408135
1.71551E-08,0.007381724
1.71651E-08,0.007355407
1.71751E-08,0.007329185
1.71851E-08,0.007303055
1.71951E-08,0.007277019
1.72051E-08,0.007251076
1.72151E-08,0.007225225
1.72251E-08,0.007199467
1.72351E-08,0.0071738
1.72451E-08,0.007148225
1.72551E-08,0.007122741
1.72651E-08,0.007097348
1.72751E-08,0.007072045
1.72851E-08,0.007046832
1.72951E-08,0.00702171
1.73051E-08,0.006996677
1.73151E-08,0.006971733
1.73251E-08,0.006946878
1.73351E-08,0.006922112
1.73451E-08,0.006897434
1.73551E-08,0.006872844
1.73651E-08,0.006848342
1.73751E-08,0.006823927
1.73851E-08,0.006799599
1.73951E-08,0.006775358
1.74051E-08,0.006751203
1.74151E-08,0.006727134
1.74251E-08,0.006703151
1.74351E-08,0.006679254
1.74451E-08,0.006655442
1.74551E-08,0.006631715
1.74651E-08,0.006608072
1.74751E-08,0.006584513
1.74851E-08,0.006561039
1.74951E-08,0.006537648
1.75051E-08,0.006514341
1.75151E-08,0.006491117
1.75251E-08,0.006467976
1.75351E-08,0.006444917
1.75451E-08,0.00642194
1.75551E-08,0.006399045
1.75651E-08,0.006376232
1.75751E-08,0.0063535
1.75851E-08,0.00633085
1.75951E-08,0.006308279
1.76051E-08,0.00628579
1.76151E-08,0.00626338
1.76251E-08,0.006241051
1.76351E-08,0.006218801
1.76451E-08,0.00619663
1.76551E-08,0.006174539
1.76651E-08,0.006152526
1.76751E-08,0.006130592
1.76851E-08,0.006108736
1.76951E-08,0.006086958
1.77051E-08,0.006065257
1.77151E-08,0.006043634
1.77251E-08,0.006022088
1.77351E-08,0.006000618
1.77451E-08,0.005979226
1.77551E-08,0.005957909
1.77651E-08,0.005936669
1.77751E-08,0.005915504
1.77851E-08,0.005894415
1.77951E-08,0.005873401
1.78051E-08,0.005852461
1.78151E-08,0.005831597
1.78251E-08,0.005810807
1.78351E-08,0.005790091
1.78451E-08,0.005769448
1.78551E-08,0.00574888
1.78651E-08,0.005728384
1.78751E-08,0.005707962
1.78851E-08,0.005687613
1.78951E-08,0.005667336
1.79051E-08,0.005647132
1.79151E-08,0.005626999
1.79251E-08,0.005606938
1.79351E-08,0.005586949
1.79451E-08,0.005567031
1.79551E-08,0.005547184
1.79651E-08,0.005527408
1.79751E-08,0.005507702
1.79851E-08,0.005488066
1.79951E-08,0.005468501
1.80051E-08,0.005449005
1.80151E-08,0.005429579
1.80251E-08,0.005410222
1.80351E-08,0.005390935
1.80451E-08,0.005371715
1.80551E-08,0.005352565
1.80651E-08,0.005333482
1.80751E-08,0.005314468
1.80851E-08,0.005295522
1.80951E-08,0.005276642
1.81051E-08,0.00525783
1.81151E-08,0.005239086
1.81251E-08,0.005220408
1.81351E-08,0.005201797
1.81451E-08,0.005183252
1.81551E-08,0.005164773
1.81651E-08,0.00514636
1.81751E-08,0.005128013
1.81851E-08,0.005109732
1.81951E-08,0.005091515
1.82051E-08,0.005073363
1.82151E-08,0.005055276
1.82251E-08,0.005037254
1.82351E-08,0.005019295
1.82451E-08,0.005001401
1.82551E-08,0.00498357
1.82651E-08,0.004965804
1.82751E-08,0.0049481
1.82851E-08,0.00493046
1.82951E-08,0.004912882
1.83051E-08,0.004895367
1.83151E-08,0.004877915
1.83251E-08,0.004860525
1.83351E-08,0.004843196
1.83451E-08,0.00482593
1.83551E-08,0.004808725
1.83651E-08,0.004791582
1.83751E-08,0.004774499
1.83851E-08,0.004757478
1.83951E-08,0.004740517
1.84051E-08,0.004723616
1.84151E-08,0.004706777
1.84251E-08,0.004689997
1.84351E-08,0.004673276
1.84451E-08,0.004656616
1.84551E-08,0.004640014
1.84651E-08,0.004623472
1.84751E-08,0.004606989
1.84851E-08,0.004590565
1.84951E-08,0.004574199
1.85051E-08,0.004557892
1.85151E-08,0.004541642
1.85251E-08,0.004525451
1.85351E-08,0.004509317
1.85451E-08,0.004493241
1.85551E-08,0.004477222
1.85651E-08,0.004461261
1.85751E-08,0.004445356
1.85851E-08,0.004429508
1.85951E-08,0.004413716
1.86051E-08,0.004397981
1.86151E-08,0.004382302
1.86251E-08,0.004366678
1.86351E-08,0.004351111
1.86451E-08,0.004335599
1.86551E-08,0.004320142
1.86651E-08,0.00430474
1.86751E-08,0.004289393
1.86851E-08,0.004274101
1.86951E-08,0.004258864
1.87051E-08,0.004243681
1.87151E-08,0.004228551
1.87251E-08,0.004213476
1.87351E-08,0.004198455
1.87451E-08,0.004183487
1.87551E-08,0.004168572
1.87651E-08,0.004153711
1.87751E-08,0.004138903
1.87851E-08,0.004124147
1.87951E-08,0.004109444
1.88051E-08,0.004094794
1.88151E-08,0.004080195
1.88251E-08,0.004065649
1.88351E-08,0.004051155
1.88451E-08,0.004036712
1.88551E-08,0.004022321
1.88651E-08,0.004007981
1.88751E-08,0.003993692
1.88851E-08,0.003979454
1.88951E-08,0.003965267
1.89051E-08,0.00395113
1.89151E-08,0.003937045
1.89251E-08,0.003923009
1.89351E-08,0.003909023
1.89451E-08,0.003895087
1.89551E-08,0.0038812
1.89651E-08,0.003867364
1.89751E-08,0.003853576
1.89851E-08,0.003839838
1.89951E-08,0.003826148
1.90051E-08,0.003812508
1.90151E-08,0.003798916
1.90251E-08,0.003785372
1.90351E-08,0.003771877
1.90451E-08,0.00375843
1.90551E-08,0.003745031
1.90651E-08,0.003731679
1.90751E-08,0.003718376
1.90851E-08,0.003705119
1.90951E-08,0.00369191
1.91051E-08,0.003678748
1.91151E-08,0.003665633
1.91251E-08,0.003652565
1.91351E-08,0.003639543
1.91451E-08,0.003626568
1.91551E-08,0.003613639
1.91651E-08,0.003600756
1.91751E-08,0.003587919
1.91851E-08,0.003575128
1.91951E-08,0.003562382
1.92051E-08,0.003549682
1.92151E-08,0.003537027
1.92251E-08,0.003524417
1.92351E-08,0.003511852
1.92451E-08,0.003499332
1.92551E-08,0.003486857
1.92651E-08,0.003474426
1.92751E-08,0.003462039
1.92851E-08,0.003449697
1.92951E-08,0.003437398
1.93051E-08,0.003425143
1.93151E-08,0.003412933
1.93251E-08,0.003400765
1.93351E-08,0.003388641
1.93451E-08,0.00337656
1.93551E-08,0.003364522
1.93651E-08,0.003352528
1.93751E-08,0.003340576
1.93851E-08,0.003328666
1.93951E-08,0.003316799
1.94051E-08,0.003304975
1.94151E-08,0.003293192
1.94251E-08,0.003281452
1.94351E-08,0.003269753
1.94451E-08,0.003258096
1.94551E-08,0.003246481
1.94651E-08,0.003234907
1.94751E-08,0.003223374
1.94851E-08,0.003211882
1.94951E-08,0.003200432
1.95051E-08,0.003189022
1.95151E-08,0.003177653
1.95251E-08,0.003166324
1.95351E-08,0.003155036
1.95451E-08,0.003143788
1.95551E-08,0.00313258
1.95651E-08,0.003121412
1.95751E-08,0.003110284
1.95851E-08,0.003099195
1.95951E-08,0.003088146
1.96051E-08,0.003077137
1.96151E-08,0.003066167
1.96251E-08,0.003055235
1.96351E-08,0.003044343
1.96451E-08,0.00303349
1.96551E-08,0.003022675
1.96651E-08,0.003011899
1.96751E-08,0.003001161
1.96851E-08,0.002990462
1.96951E-08,0.002979801
1.97051E-08,0.002969177
1.97151E-08,0.002958592
1.97251E-08,0.002948045
1.97351E-08,0.002937534
1.97451E-08,0.002927062
1.97551E-08,0.002916627
1.97651E-08,0.002906229
1.97751E-08,0.002895868
1.97851E-08,0.002885544
1.97951E-08,0.002875256
1.98051E-08,0.002865006
1.98151E-08,0.002854792
1.98251E-08,0.002844614
1.98351E-08,0.002834473
1.98451E-08,0.002824368
1.98551E-08,0.002814299
1.98651E-08,0.002804265
1.98751E-08,0.002794268
1.98851E-08,0.002784306
1.98951E-08,0.00277438
1.99051E-08,0.002764489
1.99151E-08,0.002754633
1.99251E-08,0.002744813
1.99351E-08,0.002735027
1.99451E-08,0.002725277
1.99551E-08,0.002715561
1.99651E-08,0.00270588
1.99751E-08,0.002696233
1.99851E-08,0.002686621
1.99951E-08,0.002677043
2E-08,0.002672386
