TOF[ns],MQ1,MQ2,MQ4,MQ14,MQ16,MQ18,MQ20,MQ28,MQ29,MQ30,MQ38,MQ39,MQ40
0,0,0,0,0,0,0,0,0,0,0,0,0,0
0.1,0,0,0,0,0,0,0,0,0,0,0,0,0
0.2,0,0,0,0,0,0,0,0,0,0,0,0,0
0.3,0,0,0,0,0,0,0,0,0,0,0,0,0
0.4,0,0,0,0,0,0,0,0,0,0,0,0,0
0.5,0,0,0,0,0,0,0,0,0,0,0,0,0
0.6,0,0,0,0,0,0,0,0,0,0,0,0,0
0.7,0,0,0,0,0,0,0,0,0,0,0,0,0
0.8,0,0,0,0,0,0,0,0,0,0,0,0,0
0.9,0,0,0,0,0,0,0,0,0,0,0,0,0
1,0,0,0,0,0,0,0,0,0,0,0,0,0
1.1,0,0,0,0,0,0,0,0,0,0,0,0,0
1.2,0,0,0,0,0,0,0,0,0,0,0,0,0
1.3,0,0,0,0,0,0,0,0,0,0,0,0,0
1.4,0,0,0,0,0,0,0,0,0,0,0,0,0
1.5,0,0,0,0,0,0,0,0,0,0,0,0,0
1.6,0,0,0,0,0,0,0,0,0,0,0,0,0
1.7,0,0,0,0,0,0,0,0,0,0,0,0,0
1.8,0,0,0,0,0,0,0,0,0,0,0,0,0
1.9,0,0,0,0,0,0,0,0,0,0,0,0,0
2,0,0,0,0,0,0,0,0,0,0,0,0,0
2.1,0,0,0,0,0,0,0,0,0,0,0,0,0
2.2,0,0,0,0,0,0,0,0,0,0,0,0,0
2.3,0,0,0,0,0,0,0,0,0,0,0,0,0
2.4,0,0,0,0,0,0,0,0,0,0,0,0,0
2.5,0,0,0,0,0,0,0,0,0,0,0,0,0
2.6,0,0,0,0,0,0,0,0,0,0,0,0,0
2.7,0,0,0,0,0,0,0,0,0,0,0,0,0
2.8,0,0,0,0,0,0,0,0,0,0,0,0,0
2.9,0,0,0,0,0,0,0,0,0,0,0,0,0
3,0,0,0,0,0,0,0,0,0,0,0,0,0
3.1,0,0,0,0,0,0,0,0,0,0,0,0,0
3.2,0,0,0,0,0,0,0,0,0,0,0,0,0
3.3,0,0,0,0,0,0,0,0,0,0,0,0,0
3.4,0,0,0,0,0,0,0,0,0,0,0,0,0
3.5,0,0,0,0,0,0,0,0,0,0,0,0,0
3.6,0,0,0,0,0,0,0,0,0,0,0,0,0
3.7,0,0,0,0,0,0,0,0,0,0,0,0,0
3.8,0,0,0,0,0,0,0,0,0,0,0,0,0
3.9,0,0,0,0,0,0,0,0,0,0,0,0,0
4,0,0,0,0,0,0,0,0,0,0,0,0,0
4.1,0,0,0,0,0,0,0,0,0,0,0,0,0
4.2,0,0,0,0,0,0,0,0,0,0,0,0,0
4.3,0,0,0,0,0,0,0,0,0,0,0,0,0
4.4,0,0,0,0,0,0,0,0,0,0,0,0,0
4.5,0,0,0,0,0,0,0,0,0,0,0,0,0
4.6,0,0,0,0,0,0,0,0,0,0,0,0,0
4.7,0,0,0,0,0,0,0,0,0,0,0,0,0
4.8,0,0,0,0,0,0,0,0,0,0,0,0,0
4.9,0,0,0,0,0,0,0,0,0,0,0,0,0
5,0,0,0,0,0,0,0,0,0,0,0,0,0
5.1,0,0,0,0,0,0,0,0,0,0,0,0,0
5.2,0,0,0,0,0,0,0,0,0,0,0,0,0
5.3,0,0,0,0,0,0,0,0,0,0,0,0,0
5.4,0,0,0,0,0,0,0,0,0,0,0,0,0
5.5,0,0,0,0,0,0,0,0,0,0,0,0,0
5.6,0,0,0,0,0,0,0,0,0,0,0,0,0
5.7,0,0,0,0,0,0,0,0,0,0,0,0,0
5.8,0,0,0,0,0,0,0,0,0,0,0,0,0
5.9,0,0,0,0,0,0,0,0,0,0,0,0,0
6,0,0,0,0,0,0,0,0,0,0,0,0,0
6.1,0,0,0,0,0,0,0,0,0,0,0,0,0
6.2,0,0,0,0,0,0,0,0,0,0,0,0,0
6.3,0,0,0,0,0,0,0,0,0,0,0,0,0
6.4,0,0,0,0,0,0,0,0,0,0,0,0,0
6.5,0,0,0,0,0,0,0,0,0,0,0,0,0
6.6,0,0,0,0,0,0,0,0,0,0,0,0,0
6.7,0,0,0,0,0,0,0,0,0,0,0,0,0
6.8,0,0,0,0,0,0,0,0,0,0,0,0,0
6.9,0,0,0,0,0,0,0,0,0,0,0,0,0
7,0,0,0,0,0,0,0,0,0,0,0,0,0
7.1,0,0,0,0,0,0,0,0,0,0,0,0,0
7.2,0,0,0,0,0,0,0,0,0,0,0,0,0
7.3,0,0,0,0,0,0,0,0,0,0,0,0,0
7.4,0,0,0,0,0,0,0,0,0,0,0,0,0
7.5,0,0,0,0,0,0,0,0,0,0,0,0,0
7.6,0,0,0,0,0,0,0,0,0,0,0,0,0
7.7,0,0,0,0,0,0,0,0,0,0,0,0,0
7.8,0,0,0,0,0,0,0,0,0,0,0,0,0
7.9,0,0,0,0,0,0,0,0,0,0,0,0,0
8,0,0,0,0,0,0,0,0,0,0,0,0,0
8.1,0,0,0,0,0,0,0,0,0,0,0,0,0
8.2,0,0,0,0,0,0,0,0,0,0,0,0,0
8.3,0,0,0,0,0,0,0,0,0,0,0,0,0
8.4,0,0,0,0,0,0,0,0,0,0,0,0,0
8.5,0,0,0,0,0,0,0,0,0,0,0,0,0
8.6,0,0,0,0,0,0,0,0,0,0,0,0,0
8.7,0,0,0,0,0,0,0,0,0,0,0,0,0
8.8,0,0,0,0,0,0,0,0,0,0,0,0,0
8.9,0,0,0,0,0,0,0,0,0,0,0,0,0
9,0,0,0,0,0,0,0,0,0,0,0,0,0
9.1,0,0,0,0,0,0,0,0,0,0,0,0,0
9.2,0,0,0,0,0,0,0,0,0,0,0,0,0
9.3,0,0,0,0,0,0,0,0,0,0,0,0,0
9.4,0,0,0,0,0,0,0,0,0,0,0,0,0
9.5,0,0,0,0,0,0,0,0,0,0,0,0,0
9.6,0,0,0,0,0,0,0,0,0,0,0,0,0
9.7,0.002,0,0,0,0,0,0,0,0,0,0,0,0
9.8,0.049,0,0,0,0,0,0,0,0,0,0,0,0
9.9,0.259,0,0,0,0,0,0,0,0,0,0,0,0
10,0.611,0,0,0,0,0,0,0,0,0,0,0,0
10.1,0.896,0,0,0,0,0,0,0,0,0,0,0,0
10.2,1,0,0,0,0,0,0,0,0,0,0,0,0
10.3,0.951,0,0,0,0,0,0,0,0,0,0,0,0
10.4,0.824,0,0,0,0,0,0,0,0,0,0,0,0
10.5,0.677,0,0,0,0,0,0,0,0,0,0,0,0
10.6,0.539,0,0,0,0,0,0,0,0,0,0,0,0
10.7,0.421,0,0,0,0,0,0,0,0,0,0,0,0
10.8,0.326,0,0,0,0,0,0,0,0,0,0,0,0
10.9,0.25,0,0,0,0,0,0,0,0,0,0,0,0
11,0.192,0,0,0,0,0,0,0,0,0,0,0,0
11.1,0.147,0,0,0,0,0,0,0,0,0,0,0,0
11.2,0.112,0,0,0,0,0,0,0,0,0,0,0,0
11.3,0.085,0,0,0,0,0,0,0,0,0,0,0,0
11.4,0.065,0,0,0,0,0,0,0,0,0,0,0,0
11.5,0.05,0,0,0,0,0,0,0,0,0,0,0,0
11.6,0.038,0,0,0,0,0,0,0,0,0,0,0,0
11.7,0.029,0,0,0,0,0,0,0,0,0,0,0,0
11.8,0.022,0,0,0,0,0,0,0,0,0,0,0,0
11.9,0.017,0,0,0,0,0,0,0,0,0,0,0,0
12,0.013,0,0,0,0,0,0,0,0,0,0,0,0
12.1,0.01,0,0,0,0,0,0,0,0,0,0,0,0
12.2,0.007,0,0,0,0,0,0,0,0,0,0,0,0
12.3,0.006,0,0,0,0,0,0,0,0,0,0,0,0
12.4,0.004,0,0,0,0,0,0,0,0,0,0,0,0
12.5,0.003,0,0,0,0,0,0,0,0,0,0,0,0
12.6,0.003,0,0,0,0,0,0,0,0,0,0,0,0
12.7,0.002,0,0,0,0,0,0,0,0,0,0,0,0
12.8,0.001,0,0,0,0,0,0,0,0,0,0,0,0
12.9,0.001,0,0,0,0,0,0,0,0,0,0,0,0
13,0.001,0,0,0,0,0,0,0,0,0,0,0,0
13.1,0.001,0,0,0,0,0,0,0,0,0,0,0,0
13.2,0,0,0,0,0,0,0,0,0,0,0,0,0
13.3,0,0,0,0,0,0,0,0,0,0,0,0,0
13.4,0,0,0,0,0,0,0,0,0,0,0,0,0
13.5,0,0,0,0,0,0,0,0,0,0,0,0,0
13.6,0,0,0,0,0,0,0,0,0,0,0,0,0
13.7,0,0,0,0,0,0,0,0,0,0,0,0,0
13.8,0,0,0,0,0,0,0,0,0,0,0,0,0
13.9,0,0,0,0,0,0,0,0,0,0,0,0,0
14,0,0,0,0,0,0,0,0,0,0,0,0,0
14.1,0,0,0,0,0,0,0,0,0,0,0,0,0
14.2,0,0,0,0,0,0,0,0,0,0,0,0,0
14.3,0,0,0,0,0,0,0,0,0,0,0,0,0
14.4,0,0,0,0,0,0,0,0,0,0,0,0,0
14.5,0,0,0,0,0,0,0,0,0,0,0,0,0
14.6,0,0,0,0,0,0,0,0,0,0,0,0,0
14.7,0,0,0,0,0,0,0,0,0,0,0,0,0
14.8,0,0,0,0,0,0,0,0,0,0,0,0,0
14.9,0,0,0,0,0,0,0,0,0,0,0,0,0
15,0,0.004,0,0,0,0,0,0,0,0,0,0,0
15.1,0,0.031,0,0,0,0,0,0,0,0,0,0,0
15.2,0,0.129,0,0,0,0,0,0,0,0,0,0,0
15.3,0,0.322,0,0,0,0,0,0,0,0,0,0,0
15.4,0,0.57,0,0,0,0,0,0,0,0,0,0,0
15.5,0,0.796,0,0,0,0,0,0,0,0,0,0,0
15.6,0,0.944,0,0,0,0,0,0,0,0,0,0,0
15.7,0,1,0,0,0,0,0,0,0,0,0,0,0
15.8,0,0.981,0,0,0,0,0,0,0,0,0,0,0
15.9,0,0.913,0,0,0,0,0,0,0,0,0,0,0
16,0,0.819,0,0,0,0,0,0,0,0,0,0,0
16.1,0,0.717,0,0,0,0,0,0,0,0,0,0,0
16.2,0,0.617,0,0,0,0,0,0,0,0,0,0,0
16.3,0,0.525,0,0,0,0,0,0,0,0,0,0,0
16.4,0,0.443,0,0,0,0,0,0,0,0,0,0,0
16.5,0,0.371,0,0,0,0,0,0,0,0,0,0,0
16.6,0,0.31,0,0,0,0,0,0,0,0,0,0,0
16.7,0,0.259,0,0,0,0,0,0,0,0,0,0,0
16.8,0,0.215,0,0,0,0,0,0,0,0,0,0,0
16.9,0,0.179,0,0,0,0,0,0,0,0,0,0,0
17,0,0.148,0,0,0,0,0,0,0,0,0,0,0
17.1,0,0.123,0,0,0,0,0,0,0,0,0,0,0
17.2,0,0.102,0,0,0,0,0,0,0,0,0,0,0
17.3,0,0.085,0,0,0,0,0,0,0,0,0,0,0
17.4,0,0.07,0,0,0,0,0,0,0,0,0,0,0
17.5,0,0.058,0,0,0,0,0,0,0,0,0,0,0
17.6,0,0.048,0,0,0,0,0,0,0,0,0,0,0
17.7,0,0.04,0,0,0,0,0,0,0,0,0,0,0
17.8,0,0.033,0,0,0,0,0,0,0,0,0,0,0
17.9,0,0.027,0,0,0,0,0,0,0,0,0,0,0
18,0,0.023,0,0,0,0,0,0,0,0,0,0,0
18.1,0,0.019,0,0,0,0,0,0,0,0,0,0,0
18.2,0,0.016,0,0,0,0,0,0,0,0,0,0,0
18.3,0,0.013,0,0,0,0,0,0,0,0,0,0,0
18.4,0,0.011,0,0,0,0,0,0,0,0,0,0,0
18.5,0,0.009,0,0,0,0,0,0,0,0,0,0,0
18.6,0,0.007,0,0,0,0,0,0,0,0,0,0,0
18.7,0,0.006,0,0,0,0,0,0,0,0,0,0,0
18.8,0,0.005,0,0,0,0,0,0,0,0,0,0,0
18.9,0,0.004,0,0,0,0,0,0,0,0,0,0,0
19,0,0.003,0,0,0,0,0,0,0,0,0,0,0
19.1,0,0.003,0,0,0,0,0,0,0,0,0,0,0
19.2,0,0.002,0,0,0,0,0,0,0,0,0,0,0
19.3,0,0.002,0,0,0,0,0,0,0,0,0,0,0
19.4,0,0.002,0,0,0,0,0,0,0,0,0,0,0
19.5,0,0.001,0,0,0,0,0,0,0,0,0,0,0
19.6,0,0.001,0,0,0,0,0,0,0,0,0,0,0
19.7,0,0.001,0,0,0,0,0,0,0,0,0,0,0
19.8,0,0.001,0,0,0,0,0,0,0,0,0,0,0
19.9,0,0.001,0,0,0,0,0,0,0,0,0,0,0
20,0,0.001,0,0,0,0,0,0,0,0,0,0,0
20.1,0,0,0,0,0,0,0,0,0,0,0,0,0
20.2,0,0,0,0,0,0,0,0,0,0,0,0,0
20.3,0,0,0,0,0,0,0,0,0,0,0,0,0
20.4,0,0,0,0,0,0,0,0,0,0,0,0,0
20.5,0,0,0,0,0,0,0,0,0,0,0,0,0
20.6,0,0,0,0,0,0,0,0,0,0,0,0,0
20.7,0,0,0,0,0,0,0,0,0,0,0,0,0
20.8,0,0,0,0,0,0,0,0,0,0,0,0,0
20.9,0,0,0,0,0,0,0,0,0,0,0,0,0
21,0,0,0,0,0,0,0,0,0,0,0,0,0
21.1,0,0,0,0,0,0,0,0,0,0,0,0,0
21.2,0,0,0,0,0,0,0,0,0,0,0,0,0
21.3,0,0,0,0,0,0,0,0,0,0,0,0,0
21.4,0,0,0,0,0,0,0,0,0,0,0,0,0
21.5,0,0,0,0,0,0,0,0,0,0,0,0,0
21.6,0,0,0,0,0,0,0,0,0,0,0,0,0
21.7,0,0,0,0,0,0,0,0,0,0,0,0,0
21.8,0,0,0,0,0,0,0,0,0,0,0,0,0
21.9,0,0,0,0,0,0,0,0,0,0,0,0,0
22,0,0,0,0,0,0,0,0,0,0,0,0,0
22.1,0,0,0.005,0,0,0,0,0,0,0,0,0,0
22.2,0,0,0.074,0,0,0,0,0,0,0,0,0,0
22.3,0,0,0.324,0,0,0,0,0,0,0,0,0,0
22.4,0,0,0.679,0,0,0,0,0,0,0,0,0,0
22.5,0,0,0.932,0,0,0,0,0,0,0,0,0,0
22.6,0,0,1,0,0,0,0,0,0,0,0,0,0
22.7,0,0,0.929,0,0,0,0,0,0,0,0,0,0
22.8,0,0,0.795,0,0,0,0,0,0,0,0,0,0
22.9,0,0,0.648,0,0,0,0,0,0,0,0,0,0
23,0,0,0.513,0,0,0,0,0,0,0,0,0,0
23.1,0,0,0.4,0,0,0,0,0,0,0,0,0,0
23.2,0,0,0.309,0,0,0,0,0,0,0,0,0,0
23.3,0,0,0.237,0,0,0,0,0,0,0,0,0,0
23.4,0,0,0.182,0,0,0,0,0,0,0,0,0,0
23.5,0,0,0.139,0,0,0,0,0,0,0,0,0,0
23.6,0,0,0.106,0,0,0,0,0,0,0,0,0,0
23.7,0,0,0.081,0,0,0,0,0,0,0,0,0,0
23.8,0,0,0.062,0,0,0,0,0,0,0,0,0,0
23.9,0,0,0.047,0,0,0,0,0,0,0,0,0,0
24,0,0,0.036,0,0,0,0,0,0,0,0,0,0
24.1,0,0,0.027,0,0,0,0,0,0,0,0,0,0
24.2,0,0,0.021,0,0,0,0,0,0,0,0,0,0
24.3,0,0,0.016,0,0,0,0,0,0,0,0,0,0
24.4,0,0,0.012,0,0,0,0,0,0,0,0,0,0
24.5,0,0,0.009,0,0,0,0,0,0,0,0,0,0
24.6,0,0,0.007,0,0,0,0,0,0,0,0,0,0
24.7,0,0,0.005,0,0,0,0,0,0,0,0,0,0
24.8,0,0,0.004,0,0,0,0,0,0,0,0,0,0
24.9,0,0,0.003,0,0,0,0,0,0,0,0,0,0
25,0,0,0.002,0,0,0,0,0,0,0,0,0,0
25.1,0,0,0.002,0,0,0,0,0,0,0,0,0,0
25.2,0,0,0.001,0,0,0,0,0,0,0,0,0,0
25.3,0,0,0.001,0,0,0,0,0,0,0,0,0,0
25.4,0,0,0.001,0,0,0,0,0,0,0,0,0,0
25.5,0,0,0.001,0,0,0,0,0,0,0,0,0,0
25.6,0,0,0,0,0,0,0,0,0,0,0,0,0
25.7,0,0,0,0,0,0,0,0,0,0,0,0,0
25.8,0,0,0,0,0,0,0,0,0,0,0,0,0
25.9,0,0,0,0,0,0,0,0,0,0,0,0,0
26,0,0,0,0,0,0,0,0,0,0,0,0,0
26.1,0,0,0,0,0,0,0,0,0,0,0,0,0
26.2,0,0,0,0,0,0,0,0,0,0,0,0,0
26.3,0,0,0,0,0,0,0,0,0,0,0,0,0
26.4,0,0,0,0,0,0,0,0,0,0,0,0,0
26.5,0,0,0,0,0,0,0,0,0,0,0,0,0
26.6,0,0,0,0,0,0,0,0,0,0,0,0,0
26.7,0,0,0,0,0,0,0,0,0,0,0,0,0
26.8,0,0,0,0,0,0,0,0,0,0,0,0,0
26.9,0,0,0,0,0,0,0,0,0,0,0,0,0
27,0,0,0,0,0,0,0,0,0,0,0,0,0
27.1,0,0,0,0,0,0,0,0,0,0,0,0,0
27.2,0,0,0,0,0,0,0,0,0,0,0,0,0
27.3,0,0,0,0,0,0,0,0,0,0,0,0,0
27.4,0,0,0,0,0,0,0,0,0,0,0,0,0
27.5,0,0,0,0,0,0,0,0,0,0,0,0,0
27.6,0,0,0,0,0,0,0,0,0,0,0,0,0
27.7,0,0,0,0,0,0,0,0,0,0,0,0,0
27.8,0,0,0,0,0,0,0,0,0,0,0,0,0
27.9,0,0,0,0,0,0,0,0,0,0,0,0,0
28,0,0,0,0,0,0,0,0,0,0,0,0,0
28.1,0,0,0,0,0,0,0,0,0,0,0,0,0
28.2,0,0,0,0,0,0,0,0,0,0,0,0,0
28.3,0,0,0,0,0,0,0,0,0,0,0,0,0
28.4,0,0,0,0,0,0,0,0,0,0,0,0,0
28.5,0,0,0,0,0,0,0,0,0,0,0,0,0
28.6,0,0,0,0,0,0,0,0,0,0,0,0,0
28.7,0,0,0,0,0,0,0,0,0,0,0,0,0
28.8,0,0,0,0,0,0,0,0,0,0,0,0,0
28.9,0,0,0,0,0,0,0,0,0,0,0,0,0
29,0,0,0,0,0,0,0,0,0,0,0,0,0
29.1,0,0,0,0,0,0,0,0,0,0,0,0,0
29.2,0,0,0,0,0,0,0,0,0,0,0,0,0
29.3,0,0,0,0,0,0,0,0,0,0,0,0,0
29.4,0,0,0,0,0,0,0,0,0,0,0,0,0
29.5,0,0,0,0,0,0,0,0,0,0,0,0,0
29.6,0,0,0,0,0,0,0,0,0,0,0,0,0
29.7,0,0,0,0,0,0,0,0,0,0,0,0,0
29.8,0,0,0,0,0,0,0,0,0,0,0,0,0
29.9,0,0,0,0,0,0,0,0,0,0,0,0,0
30,0,0,0,0,0,0,0,0,0,0,0,0,0
30.1,0,0,0,0,0,0,0,0,0,0,0,0,0
30.2,0,0,0,0,0,0,0,0,0,0,0,0,0
30.3,0,0,0,0,0,0,0,0,0,0,0,0,0
30.4,0,0,0,0,0,0,0,0,0,0,0,0,0
30.5,0,0,0,0,0,0,0,0,0,0,0,0,0
30.6,0,0,0,0,0,0,0,0,0,0,0,0,0
30.7,0,0,0,0,0,0,0,0,0,0,0,0,0
30.8,0,0,0,0,0,0,0,0,0,0,0,0,0
30.9,0,0,0,0,0,0,0,0,0,0,0,0,0
31,0,0,0,0,0,0,0,0,0,0,0,0,0
31.1,0,0,0,0,0,0,0,0,0,0,0,0,0
31.2,0,0,0,0,0,0,0,0,0,0,0,0,0
31.3,0,0,0,0,0,0,0,0,0,0,0,0,0
31.4,0,0,0,0,0,0,0,0,0,0,0,0,0
31.5,0,0,0,0,0,0,0,0,0,0,0,0,0
31.6,0,0,0,0,0,0,0,0,0,0,0,0,0
31.7,0,0,0,0,0,0,0,0,0,0,0,0,0
31.8,0,0,0,0,0,0,0,0,0,0,0,0,0
31.9,0,0,0,0,0,0,0,0,0,0,0,0,0
32,0,0,0,0,0,0,0,0,0,0,0,0,0
32.1,0,0,0,0,0,0,0,0,0,0,0,0,0
32.2,0,0,0,0,0,0,0,0,0,0,0,0,0
32.3,0,0,0,0,0,0,0,0,0,0,0,0,0
32.4,0,0,0,0,0,0,0,0,0,0,0,0,0
32.5,0,0,0,0,0,0,0,0,0,0,0,0,0
32.6,0,0,0,0,0,0,0,0,0,0,0,0,0
32.7,0,0,0,0,0,0,0,0,0,0,0,0,0
32.8,0,0,0,0,0,0,0,0,0,0,0,0,0
32.9,0,0,0,0,0,0,0,0,0,0,0,0,0
33,0,0,0,0,0,0,0,0,0,0,0,0,0
33.1,0,0,0,0,0,0,0,0,0,0,0,0,0
33.2,0,0,0,0,0,0,0,0,0,0,0,0,0
33.3,0,0,0,0,0,0,0,0,0,0,0,0,0
33.4,0,0,0,0,0,0,0,0,0,0,0,0,0
33.5,0,0,0,0,0,0,0,0,0,0,0,0,0
33.6,0,0,0,0,0,0,0,0,0,0,0,0,0
33.7,0,0,0,0,0,0,0,0,0,0,0,0,0
33.8,0,0,0,0,0,0,0,0,0,0,0,0,0
33.9,0,0,0,0,0,0,0,0,0,0,0,0,0
34,0,0,0,0,0,0,0,0,0,0,0,0,0
34.1,0,0,0,0,0,0,0,0,0,0,0,0,0
34.2,0,0,0,0,0,0,0,0,0,0,0,0,0
34.3,0,0,0,0,0,0,0,0,0,0,0,0,0
34.4,0,0,0,0,0,0,0,0,0,0,0,0,0
34.5,0,0,0,0,0,0,0,0,0,0,0,0,0
34.6,0,0,0,0,0,0,0,0,0,0,0,0,0
34.7,0,0,0,0,0,0,0,0,0,0,0,0,0
34.8,0,0,0,0,0,0,0,0,0,0,0,0,0
34.9,0,0,0,0,0,0,0,0,0,0,0,0,0
35,0,0,0,0,0,0,0,0,0,0,0,0,0
35.1,0,0,0,0,0,0,0,0,0,0,0,0,0
35.2,0,0,0,0,0,0,0,0,0,0,0,0,0
35.3,0,0,0,0,0,0,0,0,0,0,0,0,0
35.4,0,0,0,0,0,0,0,0,0,0,0,0,0
35.5,0,0,0,0,0,0,0,0,0,0,0,0,0
35.6,0,0,0,0,0,0,0,0,0,0,0,0,0
35.7,0,0,0,0,0,0,0,0,0,0,0,0,0
35.8,0,0,0,0,0,0,0,0,0,0,0,0,0
35.9,0,0,0,0,0,0,0,0,0,0,0,0,0
36,0,0,0,0,0,0,0,0,0,0,0,0,0
36.1,0,0,0,0,0,0,0,0,0,0,0,0,0
36.2,0,0,0,0,0,0,0,0,0,0,0,0,0
36.3,0,0,0,0,0,0,0,0,0,0,0,0,0
36.4,0,0,0,0,0,0,0,0,0,0,0,0,0
36.5,0,0,0,0,0,0,0,0,0,0,0,0,0
36.6,0,0,0,0,0,0,0,0,0,0,0,0,0
36.7,0,0,0,0,0,0,0,0,0,0,0,0,0
36.8,0,0,0,0,0,0,0,0,0,0,0,0,0
36.9,0,0,0,0,0,0,0,0,0,0,0,0,0
37,0,0,0,0,0,0,0,0,0,0,0,0,0
37.1,0,0,0,0,0,0,0,0,0,0,0,0,0
37.2,0,0,0,0,0,0,0,0,0,0,0,0,0
37.3,0,0,0,0,0,0,0,0,0,0,0,0,0
37.4,0,0,0,0,0,0,0,0,0,0,0,0,0
37.5,0,0,0,0,0,0,0,0,0,0,0,0,0
37.6,0,0,0,0,0,0,0,0,0,0,0,0,0
37.7,0,0,0,0,0,0,0,0,0,0,0,0,0
37.8,0,0,0,0,0,0,0,0,0,0,0,0,0
37.9,0,0,0,0,0,0,0,0,0,0,0,0,0
38,0,0,0,0,0,0,0,0,0,0,0,0,0
38.1,0,0,0,0,0,0,0,0,0,0,0,0,0
38.2,0,0,0,0,0,0,0,0,0,0,0,0,0
38.3,0,0,0,0,0,0,0,0,0,0,0,0,0
38.4,0,0,0,0,0,0,0,0,0,0,0,0,0
38.5,0,0,0,0,0,0,0,0,0,0,0,0,0
38.6,0,0,0,0,0,0,0,0,0,0,0,0,0
38.7,0,0,0,0,0,0,0,0,0,0,0,0,0
38.8,0,0,0,0,0,0,0,0,0,0,0,0,0
38.9,0,0,0,0,0,0,0,0,0,0,0,0,0
39,0,0,0,0,0,0,0,0,0,0,0,0,0
39.1,0,0,0,0,0,0,0,0,0,0,0,0,0
39.2,0,0,0,0,0,0,0,0,0,0,0,0,0
39.3,0,0,0,0,0,0,0,0,0,0,0,0,0
39.4,0,0,0,0,0,0,0,0,0,0,0,0,0
39.5,0,0,0,0,0,0,0,0,0,0,0,0,0
39.6,0,0,0,0,0,0,0,0,0,0,0,0,0
39.7,0,0,0,0,0,0,0,0,0,0,0,0,0
39.8,0,0,0,0,0,0,0,0,0,0,0,0,0
39.9,0,0,0,0,0,0,0,0,0,0,0,0,0
40,0,0,0,0,0,0,0,0,0,0,0,0,0
40.1,0,0,0,0,0,0,0,0,0,0,0,0,0
40.2,0,0,0,0,0,0,0,0,0,0,0,0,0
40.3,0,0,0,0,0,0,0,0,0,0,0,0,0
40.4,0,0,0,0,0,0,0,0,0,0,0,0,0
40.5,0,0,0,0,0,0,0,0,0,0,0,0,0
40.6,0,0,0,0,0,0,0,0,0,0,0,0,0
40.7,0,0,0,0,0,0,0,0,0,0,0,0,0
40.8,0,0,0,0,0,0,0,0,0,0,0,0,0
40.9,0,0,0,0,0,0,0,0,0,0,0,0,0
41,0,0,0,0,0,0,0,0,0,0,0,0,0
41.1,0,0,0,0,0,0,0,0,0,0,0,0,0
41.2,0,0,0,0,0,0,0,0,0,0,0,0,0
41.3,0,0,0,0,0,0,0,0,0,0,0,0,0
41.4,0,0,0,0,0,0,0,0,0,0,0,0,0
41.5,0,0,0,0,0,0,0,0,0,0,0,0,0
41.6,0,0,0,0,0,0,0,0,0,0,0,0,0
41.7,0,0,0,0,0,0,0,0,0,0,0,0,0
41.8,0,0,0,0,0,0,0,0,0,0,0,0,0
41.9,0,0,0,0,0,0,0,0,0,0,0,0,0
42,0,0,0,0,0,0,0,0,0,0,0,0,0
42.1,0,0,0,0,0,0,0,0,0,0,0,0,0
42.2,0,0,0,0,0,0,0,0,0,0,0,0,0
42.3,0,0,0,0,0,0,0,0,0,0,0,0,0
42.4,0,0,0,0,0,0,0,0,0,0,0,0,0
42.5,0,0,0,0,0,0,0,0,0,0,0,0,0
42.6,0,0,0,0,0,0,0,0,0,0,0,0,0
42.7,0,0,0,0,0,0,0,0,0,0,0,0,0
42.8,0,0,0,0,0,0,0,0,0,0,0,0,0
42.9,0,0,0,0.001,0,0,0,0,0,0,0,0,0
43,0,0,0,0.002,0,0,0,0,0,0,0,0,0
43.1,0,0,0,0.003,0,0,0,0,0,0,0,0,0
43.2,0,0,0,0.005,0,0,0,0,0,0,0,0,0
43.3,0,0,0,0.008,0,0,0,0,0,0,0,0,0
43.4,0,0,0,0.013,0,0,0,0,0,0,0,0,0
43.5,0,0,0,0.02,0,0,0,0,0,0,0,0,0
43.6,0,0,0,0.029,0,0,0,0,0,0,0,0,0
43.7,0,0,0,0.042,0,0,0,0,0,0,0,0,0
43.8,0,0,0,0.058,0,0,0,0,0,0,0,0,0
43.9,0,0,0,0.078,0,0,0,0,0,0,0,0,0
44,0,0,0,0.102,0,0,0,0,0,0,0,0,0
44.1,0,0,0,0.131,0,0,0,0,0,0,0,0,0
44.2,0,0,0,0.164,0,0,0,0,0,0,0,0,0
44.3,0,0,0,0.202,0,0,0,0,0,0,0,0,0
44.4,0,0,0,0.244,0,0,0,0,0,0,0,0,0
44.5,0,0,0,0.29,0,0,0,0,0,0,0,0,0
44.6,0,0,0,0.338,0,0,0,0,0,0,0,0,0
44.7,0,0,0,0.389,0,0,0,0,0,0,0,0,0
44.8,0,0,0,0.442,0,0,0,0,0,0,0,0,0
44.9,0,0,0,0.495,0,0,0,0,0,0,0,0,0
45,0,0,0,0.548,0,0,0,0,0,0,0,0,0
45.1,0,0,0,0.6,0,0,0,0,0,0,0,0,0
45.2,0,0,0,0.651,0,0,0,0,0,0,0,0,0
45.3,0,0,0,0.7,0,0,0,0,0,0,0,0,0
45.4,0,0,0,0.746,0,0,0,0,0,0,0,0,0
45.5,0,0,0,0.789,0,0,0,0,0,0,0,0,0
45.6,0,0,0,0.828,0,0,0,0,0,0,0,0,0
45.7,0,0,0,0.863,0,0,0,0,0,0,0,0,0
45.8,0,0,0,0.894,0,0,0,0,0,0,0,0,0
45.9,0,0,0,0.922,0,0,0,0,0,0,0,0,0
46,0,0,0,0.945,0,0,0,0,0,0,0,0,0
46.1,0,0,0,0.963,0,0,0,0,0,0,0,0,0
46.2,0,0,0,0.978,0,0,0,0,0,0,0,0,0
46.3,0,0,0,0.989,0,0,0,0,0,0,0,0,0
46.4,0,0,0,0.996,0,0,0,0,0,0,0,0,0
46.5,0,0,0,1,0,0,0,0,0,0,0,0,0
46.6,0,0,0,1,0,0,0,0,0,0,0,0,0
46.7,0,0,0,0.997,0,0,0,0,0,0,0,0,0
46.8,0,0,0,0.992,0,0,0,0,0,0,0,0,0
46.9,0,0,0,0.984,0,0,0,0,0,0,0,0,0
47,0,0,0,0.974,0,0,0,0,0,0,0,0,0
47.1,0,0,0,0.961,0,0,0,0,0,0,0,0,0
47.2,0,0,0,0.947,0,0,0,0,0,0,0,0,0
47.3,0,0,0,0.931,0,0,0,0,0,0,0,0,0
47.4,0,0,0,0.914,0,0,0,0,0,0,0,0,0
47.5,0,0,0,0.896,0,0,0,0,0,0,0,0,0
47.6,0,0,0,0.877,0,0,0,0,0,0,0,0,0
47.7,0,0,0,0.857,0,0,0,0,0,0,0,0,0
47.8,0,0,0,0.837,0,0,0,0,0,0,0,0,0
47.9,0,0,0,0.816,0,0,0,0,0,0,0,0,0
48,0,0,0,0.795,0,0,0,0,0,0,0,0,0
48.1,0,0,0,0.773,0.001,0,0,0,0,0,0,0,0
48.2,0,0,0,0.752,0.001,0,0,0,0,0,0,0,0
48.3,0,0,0,0.73,0.002,0,0,0,0,0,0,0,0
48.4,0,0,0,0.708,0.002,0,0,0,0,0,0,0,0
48.5,0,0,0,0.687,0.004,0,0,0,0,0,0,0,0
48.6,0,0,0,0.666,0.005,0,0,0,0,0,0,0,0
48.7,0,0,0,0.645,0.007,0,0,0,0,0,0,0,0
48.8,0,0,0,0.624,0.01,0.001,0,0,0,0,0,0,0
48.9,0,0,0,0.604,0.014,0.001,0,0,0,0,0,0,0
49,0,0,0,0.584,0.018,0.001,0,0,0,0,0,0,0
49.1,0,0,0,0.564,0.024,0.001,0,0,0,0,0,0,0
49.2,0,0,0,0.545,0.03,0.002,0,0,0,0,0,0,0
49.3,0,0,0,0.526,0.039,0.003,0,0,0,0,0,0,0
49.4,0,0,0,0.508,0.048,0.003,0,0,0,0,0,0,0
49.5,0,0,0,0.49,0.06,0.004,0,0,0,0,0,0,0
49.6,0,0,0,0.473,0.073,0.006,0,0,0,0,0,0,0
49.7,0,0,0,0.456,0.088,0.007,0,0,0,0,0,0,0
49.8,0,0,0,0.44,0.106,0.009,0,0,0,0,0,0,0
49.9,0,0,0,0.424,0.125,0.012,0,0,0,0,0,0,0
50,0,0,0,0.409,0.146,0.014,0,0,0,0,0,0,0
50.1,0,0,0,0.394,0.169,0.018,0,0,0,0,0,0,0
50.2,0,0,0,0.38,0.195,0.022,0,0,0,0,0,0,0
50.3,0,0,0,0.366,0.222,0.026,0,0,0,0,0,0,0
50.4,0,0,0,0.352,0.25,0.031,0,0,0,0,0,0,0
50.5,0,0,0,0.339,0.281,0.037,0,0,0,0,0,0,0
50.6,0,0,0,0.326,0.313,0.044,0,0,0,0,0,0,0
50.7,0,0,0,0.314,0.346,0.052,0,0,0,0,0,0,0
50.8,0,0,0,0.302,0.379,0.061,0,0,0,0,0,0,0
50.9,0,0,0,0.291,0.414,0.07,0,0,0,0,0,0,0
51,0,0,0,0.28,0.449,0.081,0,0,0,0,0,0,0
51.1,0,0,0,0.27,0.485,0.093,0,0,0,0,0,0,0
51.2,0,0,0,0.259,0.521,0.105,0,0,0,0,0,0,0
51.3,0,0,0,0.25,0.556,0.119,0,0,0,0,0,0,0
51.4,0,0,0,0.24,0.591,0.134,0,0,0,0,0,0,0
51.5,0,0,0,0.231,0.626,0.15,0,0,0,0,0,0,0
51.6,0,0,0,0.222,0.659,0.167,0,0,0,0,0,0,0
51.7,0,0,0,0.214,0.692,0.185,0,0,0,0,0,0,0
51.8,0,0,0,0.206,0.723,0.204,0,0,0,0,0,0,0
51.9,0,0,0,0.198,0.753,0.225,0,0,0,0,0,0,0
52,0,0,0,0.19,0.782,0.246,0,0,0,0,0,0,0
52.1,0,0,0,0.183,0.809,0.268,0,0,0,0,0,0,0
52.2,0,0,0,0.176,0.834,0.29,0,0,0,0,0,0,0
52.3,0,0,0,0.169,0.858,0.314,0,0,0,0,0,0,0
52.4,0,0,0,0.163,0.879,0.338,0,0,0,0,0,0,0
52.5,0,0,0,0.156,0.899,0.362,0,0,0,0,0,0,0
52.6,0,0,0,0.15,0.918,0.387,0.001,0,0,0,0,0,0
52.7,0,0,0,0.145,0.934,0.413,0.001,0,0,0,0,0,0
52.8,0,0,0,0.139,0.948,0.439,0.001,0,0,0,0,0,0
52.9,0,0,0,0.134,0.961,0.465,0.002,0,0,0,0,0,0
53,0,0,0,0.128,0.971,0.491,0.002,0,0,0,0,0,0
53.1,0,0,0,0.123,0.98,0.517,0.003,0,0,0,0,0,0
53.2,0,0,0,0.119,0.987,0.543,0.005,0,0,0,0,0,0
53.3,0,0,0,0.114,0.993,0.568,0.006,0,0,0,0,0,0
53.4,0,0,0,0.11,0.997,0.594,0.008,0,0,0,0,0,0
53.5,0,0,0,0.105,0.999,0.619,0.011,0,0,0,0,0,0
53.6,0,0,0,0.101,1,0.644,0.014,0,0,0,0,0,0
53.7,0,0,0,0.097,0.999,0.668,0.018,0,0,0,0,0,0
53.8,0,0,0,0.094,0.998,0.692,0.023,0,0,0,0,0,0
53.9,0,0,0,0.09,0.994,0.715,0.029,0,0,0,0,0,0
54,0,0,0,0.087,0.99,0.737,0.036,0,0,0,0,0,0
54.1,0,0,0,0.083,0.985,0.759,0.044,0,0,0,0,0,0
54.2,0,0,0,0.08,0.978,0.78,0.053,0,0,0,0,0,0
54.3,0,0,0,0.077,0.971,0.8,0.063,0,0,0,0,0,0
54.4,0,0,0,0.074,0.963,0.819,0.075,0,0,0,0,0,0
54.5,0,0,0,0.071,0.953,0.837,0.089,0,0,0,0,0,0
54.6,0,0,0,0.068,0.944,0.854,0.104,0,0,0,0,0,0
54.7,0,0,0,0.066,0.933,0.871,0.12,0,0,0,0,0,0
54.8,0,0,0,0.063,0.922,0.886,0.138,0,0,0,0,0,0
54.9,0,0,0,0.061,0.91,0.9,0.158,0,0,0,0,0,0
55,0,0,0,0.058,0.898,0.914,0.179,0,0,0,0,0,0
55.1,0,0,0,0.056,0.886,0.926,0.202,0,0,0,0,0,0
55.2,0,0,0,0.054,0.873,0.937,0.226,0,0,0,0,0,0
55.3,0,0,0,0.052,0.859,0.948,0.251,0,0,0,0,0,0
55.4,0,0,0,0.05,0.846,0.957,0.277,0,0,0,0,0,0
55.5,0,0,0,0.048,0.832,0.966,0.305,0,0,0,0,0,0
55.6,0,0,0,0.046,0.818,0.973,0.334,0,0,0,0,0,0
55.7,0,0,0,0.044,0.804,0.979,0.363,0,0,0,0,0,0
55.8,0,0,0,0.043,0.789,0.985,0.393,0,0,0,0,0,0
55.9,0,0,0,0.041,0.775,0.99,0.423,0,0,0,0,0,0
56,0,0,0,0.039,0.761,0.993,0.454,0,0,0,0,0,0
56.1,0,0,0,0.038,0.746,0.996,0.485,0,0,0,0,0,0
56.2,0,0,0,0.036,0.732,0.998,0.517,0,0,0,0,0,0
56.3,0,0,0,0.035,0.717,1,0.548,0,0,0,0,0,0
56.4,0,0,0,0.034,0.703,1,0.578,0,0,0,0,0,0
56.5,0,0,0,0.032,0.689,1,0.609,0,0,0,0,0,0
56.6,0,0,0,0.031,0.674,0.999,0.638,0,0,0,0,0,0
56.7,0,0,0,0.03,0.66,0.997,0.668,0,0,0,0,0,0
56.8,0,0,0,0.029,0.646,0.995,0.696,0,0,0,0,0,0
56.9,0,0,0,0.028,0.632,0.992,0.723,0,0,0,0,0,0
57,0,0,0,0.026,0.619,0.988,0.75,0,0,0,0,0,0
57.1,0,0,0,0.025,0.605,0.984,0.775,0,0,0,0,0,0
57.2,0,0,0,0.024,0.592,0.979,0.799,0,0,0,0,0,0
57.3,0,0,0,0.023,0.578,0.974,0.822,0,0,0,0,0,0
57.4,0,0,0,0.023,0.565,0.968,0.843,0,0,0,0,0,0
57.5,0,0,0,0.022,0.553,0.962,0.863,0,0,0,0,0,0
57.6,0,0,0,0.021,0.54,0.955,0.882,0,0,0,0,0,0
57.7,0,0,0,0.02,0.527,0.948,0.899,0,0,0,0,0,0
57.8,0,0,0,0.019,0.515,0.941,0.915,0,0,0,0,0,0
57.9,0,0,0,0.019,0.503,0.933,0.93,0,0,0,0,0,0
58,0,0,0,0.018,0.491,0.925,0.943,0,0,0,0,0,0
58.1,0,0,0,0.017,0.48,0.917,0.955,0,0,0,0,0,0
58.2,0,0,0,0.016,0.468,0.908,0.965,0,0,0,0,0,0
58.3,0,0,0,0.016,0.457,0.899,0.974,0,0,0,0,0,0
58.4,0,0,0,0.015,0.446,0.89,0.981,0,0,0,0,0,0
58.5,0,0,0,0.015,0.435,0.881,0.987,0.001,0,0,0,0,0
58.6,0,0,0,0.014,0.425,0.871,0.992,0.001,0,0,0,0,0
58.7,0,0,0,0.013,0.414,0.861,0.996,0.001,0,0,0,0,0
58.8,0,0,0,0.013,0.404,0.851,0.998,0.001,0,0,0,0,0
58.9,0,0,0,0.012,0.394,0.841,1,0.001,0,0,0,0,0
59,0,0,0,0.012,0.385,0.831,1,0.002,0,0,0,0,0
59.1,0,0,0,0.012,0.375,0.821,0.999,0.002,0,0,0,0,0
59.2,0,0,0,0.011,0.366,0.811,0.997,0.002,0,0,0,0,0
59.3,0,0,0,0.011,0.357,0.8,0.995,0.003,0,0,0,0,0
59.4,0,0,0,0.01,0.348,0.79,0.991,0.003,0,0,0,0,0
59.5,0,0,0,0.01,0.339,0.779,0.986,0.004,0,0,0,0,0
59.6,0,0,0,0.009,0.331,0.769,0.981,0.004,0,0,0,0,0
59.7,0,0,0,0.009,0.323,0.758,0.975,0.005,0,0,0,0,0
59.8,0,0,0,0.009,0.314,0.748,0.968,0.006,0,0,0,0,0
59.9,0,0,0,0.008,0.306,0.737,0.961,0.007,0,0,0,0,0
60,0,0,0,0.008,0.299,0.726,0.952,0.008,0,0,0,0,0
60.1,0,0,0,0.008,0.291,0.716,0.944,0.009,0,0,0,0,0
60.2,0,0,0,0.007,0.284,0.705,0.935,0.01,0,0,0,0,0
60.3,0,0,0,0.007,0.277,0.695,0.925,0.012,0,0,0,0,0
60.4,0,0,0,0.007,0.27,0.684,0.915,0.014,0,0,0,0,0
60.5,0,0,0,0.007,0.263,0.674,0.905,0.015,0,0,0,0,0
60.6,0,0,0,0.006,0.256,0.664,0.894,0.017,0,0,0,0,0
60.7,0,0,0,0.006,0.25,0.653,0.883,0.02,0,0,0,0,0
60.8,0,0,0,0.006,0.243,0.643,0.871,0.022,0,0,0,0,0
60.9,0,0,0,0.006,0.237,0.633,0.86,0.025,0,0,0,0,0
61,0,0,0,0.005,0.231,0.623,0.848,0.028,0,0,0,0,0
61.1,0,0,0,0.005,0.225,0.613,0.836,0.031,0,0,0,0,0
61.2,0,0,0,0.005,0.219,0.603,0.824,0.034,0,0,0,0,0
61.3,0,0,0,0.005,0.214,0.593,0.811,0.038,0,0,0,0,0
61.4,0,0,0,0.005,0.208,0.584,0.799,0.042,0,0,0,0,0
61.5,0,0,0,0.004,0.203,0.574,0.786,0.047,0,0,0,0,0
61.6,0,0,0,0.004,0.198,0.564,0.774,0.051,0,0,0,0,0
61.7,0,0,0,0.004,0.192,0.555,0.761,0.056,0.001,0,0,0,0
61.8,0,0,0,0.004,0.187,0.546,0.749,0.062,0.001,0,0,0,0
61.9,0,0,0,0.004,0.183,0.537,0.736,0.068,0.001,0,0,0,0
62,0,0,0,0.004,0.178,0.527,0.723,0.074,0.001,0,0,0,0
62.1,0,0,0,0.004,0.173,0.518,0.711,0.08,0.001,0,0,0,0
62.2,0,0,0,0.003,0.169,0.51,0.698,0.087,0.002,0.001,0,0,0
62.3,0,0,0,0.003,0.165,0.501,0.686,0.094,0.002,0.001,0,0,0
62.4,0,0,0,0.003,0.16,0.492,0.673,0.102,0.002,0.001,0,0,0
62.5,0,0,0,0.003,0.156,0.484,0.661,0.11,0.003,0.001,0,0,0
62.6,0,0,0,0.003,0.152,0.475,0.649,0.118,0.003,0.001,0,0,0
62.7,0,0,0,0.003,0.148,0.467,0.636,0.127,0.004,0.002,0,0,0
62.8,0,0,0,0.003,0.144,0.459,0.624,0.136,0.005,0.002,0,0,0
62.9,0,0,0,0.003,0.141,0.451,0.612,0.146,0.006,0.002,0,0,0
63,0,0,0,0.002,0.137,0.443,0.601,0.156,0.007,0.003,0,0,0
63.1,0,0,0,0.002,0.133,0.435,0.589,0.166,0.008,0.003,0,0,0
63.2,0,0,0,0.002,0.13,0.427,0.577,0.177,0.01,0.004,0,0,0
63.3,0,0,0,0.002,0.127,0.42,0.566,0.188,0.011,0.005,0,0,0
63.4,0,0,0,0.002,0.123,0.412,0.555,0.2,0.013,0.006,0,0,0
63.5,0,0,0,0.002,0.12,0.405,0.544,0.212,0.015,0.006,0,0,0
63.6,0,0,0,0.002,0.117,0.397,0.533,0.224,0.017,0.008,0,0,0
63.7,0,0,0,0.002,0.114,0.39,0.522,0.236,0.02,0.009,0,0,0
63.8,0,0,0,0.002,0.111,0.383,0.511,0.249,0.023,0.01,0,0,0
63.9,0,0,0,0.002,0.108,0.376,0.501,0.262,0.026,0.012,0,0,0
64,0,0,0,0.002,0.105,0.369,0.49,0.276,0.029,0.014,0,0,0
64.1,0,0,0,0.002,0.102,0.363,0.48,0.29,0.033,0.016,0,0,0
64.2,0,0,0,0.002,0.1,0.356,0.47,0.304,0.038,0.018,0,0,0
64.3,0,0,0,0.001,0.097,0.35,0.46,0.318,0.042,0.02,0,0,0
64.4,0,0,0,0.001,0.095,0.343,0.451,0.332,0.047,0.023,0,0,0
64.5,0,0,0,0.001,0.092,0.337,0.441,0.347,0.053,0.026,0,0,0
64.6,0,0,0,0.001,0.09,0.331,0.432,0.362,0.058,0.029,0,0,0
64.7,0,0,0,0.001,0.087,0.325,0.423,0.377,0.065,0.033,0,0,0
64.8,0,0,0,0.001,0.085,0.319,0.414,0.392,0.072,0.037,0,0,0
64.9,0,0,0,0.001,0.083,0.313,0.405,0.407,0.079,0.041,0,0,0
65,0,0,0,0.001,0.081,0.307,0.396,0.423,0.087,0.046,0,0,0
65.1,0,0,0,0.001,0.079,0.301,0.388,0.438,0.095,0.051,0,0,0
65.2,0,0,0,0.001,0.077,0.296,0.379,0.454,0.104,0.056,0,0,0
65.3,0,0,0,0.001,0.075,0.29,0.371,0.47,0.113,0.062,0,0,0
65.4,0,0,0,0.001,0.073,0.285,0.363,0.485,0.123,0.068,0,0,0
65.5,0,0,0,0.001,0.071,0.28,0.355,0.501,0.133,0.075,0,0,0
65.6,0,0,0,0.001,0.069,0.274,0.347,0.517,0.144,0.082,0,0,0
65.7,0,0,0,0.001,0.067,0.269,0.34,0.532,0.155,0.089,0,0,0
65.8,0,0,0,0.001,0.065,0.264,0.332,0.548,0.167,0.097,0,0,0
65.9,0,0,0,0.001,0.064,0.259,0.325,0.563,0.179,0.106,0,0,0
66,0,0,0,0.001,0.062,0.254,0.318,0.579,0.192,0.115,0,0,0
66.1,0,0,0,0.001,0.06,0.25,0.311,0.594,0.205,0.124,0,0,0
66.2,0,0,0,0.001,0.059,0.245,0.304,0.609,0.219,0.134,0,0,0
66.3,0,0,0,0.001,0.057,0.24,0.297,0.624,0.233,0.144,0,0,0
66.4,0,0,0,0.001,0.056,0.236,0.291,0.639,0.247,0.155,0,0,0
66.5,0,0,0,0.001,0.054,0.231,0.284,0.654,0.262,0.166,0,0,0
66.6,0,0,0,0.001,0.053,0.227,0.278,0.669,0.278,0.177,0,0,0
66.7,0,0,0,0.001,0.052,0.223,0.272,0.683,0.293,0.189,0,0,0
66.8,0,0,0,0.001,0.05,0.219,0.266,0.697,0.309,0.202,0,0,0
66.9,0,0,0,0.001,0.049,0.214,0.26,0.711,0.326,0.214,0,0,0
67,0,0,0,0.001,0.048,0.21,0.254,0.725,0.342,0.228,0,0,0
67.1,0,0,0,0,0.046,0.206,0.248,0.738,0.359,0.241,0,0,0
67.2,0,0,0,0,0.045,0.203,0.243,0.751,0.376,0.255,0,0,0
67.3,0,0,0,0,0.044,0.199,0.237,0.764,0.393,0.27,0,0,0
67.4,0,0,0,0,0.043,0.195,0.232,0.776,0.411,0.284,0,0,0
67.5,0,0,0,0,0.042,0.191,0.227,0.789,0.428,0.299,0,0,0
67.6,0,0,0,0,0.041,0.188,0.222,0.801,0.446,0.314,0,0,0
67.7,0,0,0,0,0.04,0.184,0.217,0.812,0.464,0.33,0,0,0
67.8,0,0,0,0,0.039,0.181,0.212,0.823,0.482,0.346,0,0,0
67.9,0,0,0,0,0.038,0.177,0.207,0.834,0.5,0.362,0,0,0
68,0,0,0,0,0.037,0.174,0.203,0.845,0.517,0.378,0,0,0
68.1,0,0,0,0,0.036,0.171,0.198,0.855,0.535,0.394,0,0,0
68.2,0,0,0,0,0.035,0.167,0.194,0.865,0.553,0.411,0,0,0
68.3,0,0,0,0,0.034,0.164,0.189,0.875,0.571,0.427,0,0,0
68.4,0,0,0,0,0.033,0.161,0.185,0.884,0.588,0.444,0,0,0
68.5,0,0,0,0,0.032,0.158,0.181,0.893,0.605,0.461,0,0,0
68.6,0,0,0,0,0.031,0.155,0.177,0.901,0.623,0.478,0,0,0
68.7,0,0,0,0,0.03,0.152,0.173,0.909,0.64,0.494,0,0,0
68.8,0,0,0,0,0.03,0.149,0.169,0.917,0.656,0.511,0,0,0
68.9,0,0,0,0,0.029,0.146,0.165,0.924,0.673,0.528,0,0,0
69,0,0,0,0,0.028,0.144,0.161,0.932,0.689,0.545,0,0,0
69.1,0,0,0,0,0.027,0.141,0.158,0.938,0.705,0.562,0,0,0
69.2,0,0,0,0,0.027,0.138,0.154,0.944,0.721,0.578,0,0,0
69.3,0,0,0,0,0.026,0.135,0.15,0.95,0.736,0.595,0,0,0
69.4,0,0,0,0,0.025,0.133,0.147,0.956,0.751,0.611,0,0,0
69.5,0,0,0,0,0.025,0.13,0.144,0.961,0.765,0.627,0.001,0,0
69.6,0,0,0,0,0.024,0.128,0.14,0.966,0.78,0.643,0.001,0,0
69.7,0,0,0,0,0.023,0.125,0.137,0.971,0.793,0.659,0.001,0,0
69.8,0,0,0,0,0.023,0.123,0.134,0.975,0.807,0.674,0.001,0,0
69.9,0,0,0,0,0.022,0.121,0.131,0.979,0.82,0.69,0.001,0,0
70,0,0,0,0,0.022,0.118,0.128,0.982,0.832,0.705,0.001,0,0
70.1,0,0,0,0,0.021,0.116,0.125,0.985,0.844,0.72,0.001,0,0
70.2,0,0,0,0,0.02,0.114,0.122,0.988,0.856,0.734,0.001,0,0
70.3,0,0,0,0,0.02,0.112,0.12,0.991,0.867,0.748,0.002,0,0
70.4,0,0,0,0,0.019,0.11,0.117,0.993,0.878,0.762,0.002,0,0
70.5,0,0,0,0,0.019,0.108,0.114,0.995,0.888,0.775,0.002,0,0
70.6,0,0,0,0,0.018,0.105,0.112,0.996,0.898,0.789,0.002,0,0
70.7,0,0,0,0,0.018,0.103,0.109,0.998,0.907,0.801,0.003,0,0
70.8,0,0,0,0,0.017,0.101,0.107,0.999,0.916,0.814,0.003,0,0
70.9,0,0,0,0,0.017,0.1,0.104,0.999,0.925,0.826,0.003,0,0
71,0,0,0,0,0.017,0.098,0.102,1,0.933,0.838,0.004,0,0
71.1,0,0,0,0,0.016,0.096,0.099,1,0.94,0.849,0.004,0,0
71.2,0,0,0,0,0.016,0.094,0.097,1,0.947,0.86,0.005,0,0
71.3,0,0,0,0,0.015,0.092,0.095,0.999,0.954,0.87,0.005,0,0
71.4,0,0,0,0,0.015,0.09,0.093,0.999,0.96,0.88,0.006,0,0
71.5,0,0,0,0,0.014,0.089,0.091,0.998,0.966,0.89,0.007,0,0
71.6,0,0,0,0,0.014,0.087,0.089,0.997,0.971,0.899,0.007,0,0
71.7,0,0,0,0,0.014,0.085,0.087,0.995,0.975,0.908,0.008,0,0
71.8,0,0,0,0,0.013,0.084,0.085,0.994,0.98,0.916,0.009,0.001,0
71.9,0,0,0,0,0.013,0.082,0.083,0.992,0.984,0.924,0.01,0.001,0
72,0,0,0,0,0.013,0.081,0.081,0.99,0.987,0.932,0.011,0.001,0
72.1,0,0,0,0,0.012,0.079,0.079,0.988,0.99,0.939,0.012,0.001,0
72.2,0,0,0,0,0.012,0.077,0.077,0.985,0.993,0.946,0.013,0.001,0
72.3,0,0,0,0,0.012,0.076,0.075,0.982,0.995,0.952,0.015,0.001,0.001
72.4,0,0,0,0,0.011,0.075,0.074,0.979,0.997,0.958,0.016,0.001,0.001
72.5,0,0,0,0,0.011,0.073,0.072,0.976,0.998,0.963,0.018,0.002,0.001
72.6,0,0,0,0,0.011,0.072,0.07,0.973,0.999,0.968,0.019,0.002,0.001
72.7,0,0,0,0,0.011,0.07,0.069,0.97,1,0.973,0.021,0.002,0.001
72.8,0,0,0,0,0.01,0.069,0.067,0.966,1,0.977,0.023,0.002,0.001
72.9,0,0,0,0,0.01,0.068,0.066,0.962,1,0.981,0.025,0.003,0.001
73,0,0,0,0,0.01,0.066,0.064,0.958,1,0.985,0.027,0.003,0.001
73.1,0,0,0,0,0.009,0.065,0.063,0.954,0.999,0.988,0.029,0.003,0.002
73.2,0,0,0,0,0.009,0.064,0.061,0.95,0.998,0.991,0.032,0.004,0.002
73.3,0,0,0,0,0.009,0.063,0.06,0.946,0.996,0.993,0.034,0.004,0.002
73.4,0,0,0,0,0.009,0.061,0.058,0.941,0.995,0.995,0.037,0.005,0.002
73.5,0,0,0,0,0.009,0.06,0.057,0.937,0.993,0.997,0.04,0.006,0.003
73.6,0,0,0,0,0.008,0.059,0.056,0.932,0.99,0.998,0.043,0.006,0.003
73.7,0,0,0,0,0.008,0.058,0.055,0.927,0.988,0.999,0.046,0.007,0.003
73.8,0,0,0,0,0.008,0.057,0.053,0.922,0.985,1,0.049,0.008,0.004
73.9,0,0,0,0,0.008,0.056,0.052,0.917,0.982,1,0.053,0.009,0.004
74,0,0,0,0,0.007,0.055,0.051,0.912,0.979,1,0.056,0.01,0.004
74.1,0,0,0,0,0.007,0.054,0.05,0.907,0.975,1,0.06,0.011,0.005
74.2,0,0,0,0,0.007,0.053,0.049,0.901,0.971,0.999,0.064,0.012,0.005
74.3,0,0,0,0,0.007,0.052,0.048,0.896,0.967,0.998,0.069,0.013,0.006
74.4,0,0,0,0,0.007,0.051,0.046,0.89,0.963,0.997,0.073,0.014,0.007
74.5,0,0,0,0,0.007,0.05,0.045,0.885,0.958,0.996,0.078,0.016,0.007
74.6,0,0,0,0,0.006,0.049,0.044,0.879,0.954,0.994,0.082,0.017,0.008
74.7,0,0,0,0,0.006,0.048,0.043,0.873,0.949,0.992,0.087,0.019,0.009
74.8,0,0,0,0,0.006,0.047,0.042,0.867,0.944,0.99,0.093,0.021,0.01
74.9,0,0,0,0,0.006,0.046,0.041,0.862,0.939,0.987,0.098,0.023,0.011
75,0,0,0,0,0.006,0.045,0.04,0.856,0.933,0.984,0.104,0.025,0.012
75.1,0,0,0,0,0.006,0.044,0.039,0.85,0.928,0.981,0.11,0.027,0.013
75.2,0,0,0,0,0.005,0.043,0.039,0.844,0.922,0.978,0.116,0.029,0.014
75.3,0,0,0,0,0.005,0.043,0.038,0.838,0.917,0.975,0.122,0.032,0.015
75.4,0,0,0,0,0.005,0.042,0.037,0.831,0.911,0.971,0.129,0.034,0.016
75.5,0,0,0,0,0.005,0.041,0.036,0.825,0.905,0.967,0.135,0.037,0.018
75.6,0,0,0,0,0.005,0.04,0.035,0.819,0.898,0.963,0.142,0.04,0.019
75.7,0,0,0,0,0.005,0.039,0.034,0.813,0.892,0.959,0.149,0.043,0.021
75.8,0,0,0,0,0.005,0.039,0.034,0.807,0.886,0.955,0.157,0.046,0.022
75.9,0,0,0,0,0.005,0.038,0.033,0.8,0.879,0.95,0.164,0.05,0.024
76,0,0,0,0,0.004,0.037,0.032,0.794,0.873,0.946,0.172,0.053,0.026
76.1,0,0,0,0,0.004,0.036,0.031,0.788,0.866,0.941,0.18,0.057,0.028
76.2,0,0,0,0,0.004,0.036,0.031,0.781,0.86,0.936,0.188,0.061,0.03
76.3,0,0,0,0,0.004,0.035,0.03,0.775,0.853,0.931,0.196,0.066,0.032
76.4,0,0,0,0,0.004,0.034,0.029,0.769,0.846,0.925,0.205,0.07,0.035
76.5,0,0,0,0,0.004,0.034,0.029,0.762,0.839,0.92,0.213,0.075,0.037
76.6,0,0,0,0,0.004,0.033,0.028,0.756,0.832,0.915,0.222,0.08,0.04
76.7,0,0,0,0,0.004,0.032,0.027,0.75,0.825,0.909,0.231,0.085,0.042
76.8,0,0,0,0,0.004,0.032,0.027,0.743,0.818,0.903,0.24,0.09,0.045
76.9,0,0,0,0,0.003,0.031,0.026,0.737,0.811,0.897,0.25,0.095,0.048
77,0,0,0,0,0.003,0.031,0.025,0.731,0.804,0.892,0.259,0.101,0.051
77.1,0,0,0,0,0.003,0.03,0.025,0.724,0.797,0.886,0.269,0.107,0.055
77.2,0,0,0,0,0.003,0.029,0.024,0.718,0.79,0.879,0.279,0.113,0.058
77.3,0,0,0,0,0.003,0.029,0.024,0.712,0.782,0.873,0.289,0.12,0.062
77.4,0,0,0,0,0.003,0.028,0.023,0.705,0.775,0.867,0.299,0.126,0.066
77.5,0,0,0,0,0.003,0.028,0.023,0.699,0.768,0.861,0.309,0.133,0.069
77.6,0,0,0,0,0.003,0.027,0.022,0.693,0.761,0.854,0.319,0.14,0.074
77.7,0,0,0,0,0.003,0.027,0.022,0.686,0.754,0.848,0.33,0.147,0.078
77.8,0,0,0,0,0.003,0.026,0.021,0.68,0.746,0.841,0.341,0.155,0.082
77.9,0,0,0,0,0.003,0.026,0.021,0.674,0.739,0.835,0.351,0.162,0.087
78,0,0,0,0,0.003,0.025,0.02,0.668,0.732,0.828,0.362,0.17,0.092
78.1,0,0,0,0,0.003,0.025,0.02,0.661,0.725,0.822,0.373,0.178,0.096
78.2,0,0,0,0,0.002,0.024,0.019,0.655,0.717,0.815,0.384,0.187,0.102
78.3,0,0,0,0,0.002,0.024,0.019,0.649,0.71,0.808,0.395,0.195,0.107
78.4,0,0,0,0,0.002,0.023,0.018,0.643,0.703,0.802,0.406,0.204,0.112
78.5,0,0,0,0,0.002,0.023,0.018,0.637,0.696,0.795,0.417,0.213,0.118
78.6,0,0,0,0,0.002,0.022,0.018,0.631,0.689,0.788,0.429,0.222,0.124
78.7,0,0,0,0,0.002,0.022,0.017,0.625,0.681,0.781,0.44,0.231,0.129
78.8,0,0,0,0,0.002,0.022,0.017,0.619,0.674,0.774,0.451,0.241,0.136
78.9,0,0,0,0,0.002,0.021,0.016,0.613,0.667,0.768,0.463,0.251,0.142
79,0,0,0,0,0.002,0.021,0.016,0.607,0.66,0.761,0.474,0.26,0.148
79.1,0,0,0,0,0.002,0.02,0.016,0.601,0.653,0.754,0.485,0.27,0.155
79.2,0,0,0,0,0.002,0.02,0.015,0.595,0.646,0.747,0.497,0.281,0.162
79.3,0,0,0,0,0.002,0.02,0.015,0.589,0.639,0.74,0.508,0.291,0.169
79.4,0,0,0,0,0.002,0.019,0.015,0.583,0.632,0.733,0.52,0.301,0.176
79.5,0,0,0,0,0.002,0.019,0.014,0.577,0.625,0.727,0.531,0.312,0.183
79.6,0,0,0,0,0.002,0.019,0.014,0.572,0.619,0.72,0.542,0.323,0.191
79.7,0,0,0,0,0.002,0.018,0.014,0.566,0.612,0.713,0.553,0.333,0.198
79.8,0,0,0,0,0.002,0.018,0.013,0.56,0.605,0.706,0.565,0.344,0.206
79.9,0,0,0,0,0.002,0.017,0.013,0.555,0.598,0.699,0.576,0.355,0.214
80,0,0,0,0,0.002,0.017,0.013,0.549,0.591,0.693,0.587,0.367,0.222
80.1,0,0,0,0,0.001,0.017,0.012,0.543,0.585,0.686,0.598,0.378,0.23
80.2,0,0,0,0,0.001,0.016,0.012,0.538,0.578,0.679,0.609,0.389,0.238
80.3,0,0,0,0,0.001,0.016,0.012,0.532,0.572,0.672,0.62,0.401,0.247
80.4,0,0,0,0,0.001,0.016,0.012,0.527,0.565,0.666,0.631,0.412,0.256
80.5,0,0,0,0,0.001,0.016,0.011,0.521,0.559,0.659,0.642,0.424,0.264
80.6,0,0,0,0,0.001,0.015,0.011,0.516,0.552,0.652,0.653,0.435,0.273
80.7,0,0,0,0,0.001,0.015,0.011,0.511,0.546,0.646,0.663,0.447,0.282
80.8,0,0,0,0,0.001,0.015,0.011,0.505,0.54,0.639,0.674,0.459,0.291
80.9,0,0,0,0,0.001,0.014,0.01,0.5,0.533,0.633,0.684,0.47,0.301
81,0,0,0,0,0.001,0.014,0.01,0.495,0.527,0.626,0.694,0.482,0.31
81.1,0,0,0,0,0.001,0.014,0.01,0.49,0.521,0.62,0.704,0.494,0.319
81.2,0,0,0,0,0.001,0.014,0.01,0.485,0.515,0.613,0.714,0.506,0.329
81.3,0,0,0,0,0.001,0.013,0.009,0.48,0.509,0.607,0.724,0.517,0.339
81.4,0,0,0,0,0.001,0.013,0.009,0.475,0.503,0.6,0.734,0.529,0.348
81.5,0,0,0,0,0.001,0.013,0.009,0.47,0.497,0.594,0.744,0.541,0.358
81.6,0,0,0,0,0.001,0.013,0.009,0.465,0.491,0.588,0.753,0.552,0.368
81.7,0,0,0,0,0.001,0.012,0.009,0.46,0.485,0.581,0.762,0.564,0.378
81.8,0,0,0,0,0.001,0.012,0.008,0.455,0.479,0.575,0.772,0.575,0.388
81.9,0,0,0,0,0.001,0.012,0.008,0.45,0.474,0.569,0.781,0.587,0.398
82,0,0,0,0,0.001,0.012,0.008,0.445,0.468,0.563,0.789,0.598,0.408
82.1,0,0,0,0,0.001,0.011,0.008,0.44,0.462,0.557,0.798,0.61,0.419
82.2,0,0,0,0,0.001,0.011,0.008,0.436,0.457,0.551,0.807,0.621,0.429
82.3,0,0,0,0,0.001,0.011,0.007,0.431,0.451,0.545,0.815,0.632,0.439
82.4,0,0,0,0,0.001,0.011,0.007,0.426,0.446,0.539,0.823,0.643,0.449
82.5,0,0,0,0,0.001,0.011,0.007,0.422,0.44,0.533,0.831,0.654,0.46
82.6,0,0,0,0,0.001,0.01,0.007,0.417,0.435,0.527,0.839,0.665,0.47
82.7,0,0,0,0,0.001,0.01,0.007,0.413,0.43,0.521,0.846,0.676,0.48
82.8,0,0,0,0,0.001,0.01,0.007,0.408,0.424,0.516,0.854,0.687,0.491
82.9,0,0,0,0,0.001,0.01,0.006,0.404,0.419,0.51,0.861,0.697,0.501
83,0,0,0,0,0.001,0.01,0.006,0.399,0.414,0.504,0.868,0.708,0.511
83.1,0,0,0,0,0.001,0.009,0.006,0.395,0.409,0.498,0.875,0.718,0.522
83.2,0,0,0,0,0.001,0.009,0.006,0.391,0.404,0.493,0.882,0.728,0.532
83.3,0,0,0,0,0.001,0.009,0.006,0.387,0.399,0.487,0.888,0.738,0.542
83.4,0,0,0,0,0.001,0.009,0.006,0.382,0.394,0.482,0.895,0.748,0.553
83.5,0,0,0,0,0.001,0.009,0.006,0.378,0.389,0.476,0.901,0.757,0.563
83.6,0,0,0,0,0.001,0.009,0.006,0.374,0.384,0.471,0.907,0.767,0.573
83.7,0,0,0,0,0.001,0.008,0.005,0.37,0.38,0.466,0.913,0.776,0.583
83.8,0,0,0,0,0.001,0.008,0.005,0.366,0.375,0.46,0.918,0.785,0.594
83.9,0,0,0,0,0.001,0.008,0.005,0.362,0.37,0.455,0.923,0.794,0.604
84,0,0,0,0,0.001,0.008,0.005,0.358,0.366,0.45,0.929,0.803,0.614
84.1,0,0,0,0,0.001,0.008,0.005,0.354,0.361,0.445,0.934,0.812,0.624
84.2,0,0,0,0,0.001,0.008,0.005,0.35,0.356,0.44,0.938,0.82,0.633
84.3,0,0,0,0,0,0.007,0.005,0.346,0.352,0.435,0.943,0.829,0.643
84.4,0,0,0,0,0,0.007,0.005,0.342,0.348,0.43,0.947,0.837,0.653
84.5,0,0,0,0,0,0.007,0.004,0.339,0.343,0.425,0.952,0.845,0.663
84.6,0,0,0,0,0,0.007,0.004,0.335,0.339,0.42,0.956,0.852,0.672
84.7,0,0,0,0,0,0.007,0.004,0.331,0.335,0.415,0.96,0.86,0.682
84.8,0,0,0,0,0,0.007,0.004,0.327,0.33,0.41,0.963,0.867,0.691
84.9,0,0,0,0,0,0.007,0.004,0.324,0.326,0.405,0.967,0.874,0.7
85,0,0,0,0,0,0.007,0.004,0.32,0.322,0.401,0.97,0.881,0.709
85.1,0,0,0,0,0,0.006,0.004,0.317,0.318,0.396,0.973,0.888,0.719
85.2,0,0,0,0,0,0.006,0.004,0.313,0.314,0.391,0.976,0.894,0.727
85.3,0,0,0,0,0,0.006,0.004,0.31,0.31,0.387,0.979,0.901,0.736
85.4,0,0,0,0,0,0.006,0.004,0.306,0.306,0.382,0.981,0.907,0.745
85.5,0,0,0,0,0,0.006,0.004,0.303,0.302,0.378,0.984,0.913,0.754
85.6,0,0,0,0,0,0.006,0.003,0.299,0.298,0.373,0.986,0.919,0.762
85.7,0,0,0,0,0,0.006,0.003,0.296,0.295,0.369,0.988,0.924,0.77
85.8,0,0,0,0,0,0.006,0.003,0.293,0.291,0.364,0.99,0.929,0.779
85.9,0,0,0,0,0,0.005,0.003,0.289,0.287,0.36,0.992,0.934,0.787
86,0,0,0,0,0,0.005,0.003,0.286,0.283,0.356,0.993,0.939,0.795
86.1,0,0,0,0,0,0.005,0.003,0.283,0.28,0.352,0.995,0.944,0.802
86.2,0,0,0,0,0,0.005,0.003,0.28,0.276,0.347,0.996,0.949,0.81
86.3,0,0,0,0,0,0.005,0.003,0.277,0.273,0.343,0.997,0.953,0.818
86.4,0,0,0,0,0,0.005,0.003,0.273,0.269,0.339,0.998,0.957,0.825
86.5,0,0,0,0,0,0.005,0.003,0.27,0.266,0.335,0.999,0.961,0.832
86.6,0,0,0,0,0,0.005,0.003,0.267,0.262,0.331,0.999,0.965,0.839
86.7,0,0,0,0,0,0.005,0.003,0.264,0.259,0.327,1,0.968,0.846
86.8,0,0,0,0,0,0.005,0.003,0.261,0.256,0.323,1,0.971,0.853
86.9,0,0,0,0,0,0.005,0.003,0.258,0.252,0.32,1,0.975,0.86
87,0,0,0,0,0,0.004,0.003,0.255,0.249,0.316,1,0.977,0.866
87.1,0,0,0,0,0,0.004,0.002,0.253,0.246,0.312,1,0.98,0.873
87.2,0,0,0,0,0,0.004,0.002,0.25,0.243,0.308,1,0.983,0.879
87.3,0,0,0,0,0,0.004,0.002,0.247,0.24,0.304,0.999,0.985,0.885
87.4,0,0,0,0,0,0.004,0.002,0.244,0.237,0.301,0.999,0.987,0.891
87.5,0,0,0,0,0,0.004,0.002,0.241,0.233,0.297,0.998,0.989,0.896
87.6,0,0,0,0,0,0.004,0.002,0.239,0.23,0.294,0.997,0.991,0.902
87.7,0,0,0,0,0,0.004,0.002,0.236,0.227,0.29,0.996,0.993,0.907
87.8,0,0,0,0,0,0.004,0.002,0.233,0.225,0.287,0.995,0.994,0.912
87.9,0,0,0,0,0,0.004,0.002,0.231,0.222,0.283,0.994,0.996,0.918
88,0,0,0,0,0,0.004,0.002,0.228,0.219,0.28,0.993,0.997,0.922
88.1,0,0,0,0,0,0.004,0.002,0.225,0.216,0.276,0.991,0.998,0.927
88.2,0,0,0,0,0,0.004,0.002,0.223,0.213,0.273,0.99,0.998,0.932
88.3,0,0,0,0,0,0.003,0.002,0.22,0.21,0.27,0.988,0.999,0.936
88.4,0,0,0,0,0,0.003,0.002,0.218,0.208,0.266,0.986,1,0.941
88.5,0,0,0,0,0,0.003,0.002,0.215,0.205,0.263,0.984,1,0.945
88.6,0,0,0,0,0,0.003,0.002,0.213,0.202,0.26,0.982,1,0.949
88.7,0,0,0,0,0,0.003,0.002,0.21,0.2,0.257,0.98,1,0.952
88.8,0,0,0,0,0,0.003,0.002,0.208,0.197,0.254,0.978,1,0.956
88.9,0,0,0,0,0,0.003,0.002,0.206,0.195,0.251,0.976,1,0.96
89,0,0,0,0,0,0.003,0.002,0.203,0.192,0.248,0.973,0.999,0.963
89.1,0,0,0,0,0,0.003,0.002,0.201,0.19,0.245,0.971,0.999,0.966
89.2,0,0,0,0,0,0.003,0.002,0.199,0.187,0.242,0.968,0.998,0.969
89.3,0,0,0,0,0,0.003,0.001,0.196,0.185,0.239,0.966,0.997,0.972
89.4,0,0,0,0,0,0.003,0.001,0.194,0.182,0.236,0.963,0.996,0.975
89.5,0,0,0,0,0,0.003,0.001,0.192,0.18,0.233,0.96,0.995,0.977
89.6,0,0,0,0,0,0.003,0.001,0.19,0.178,0.23,0.957,0.994,0.98
89.7,0,0,0,0,0,0.003,0.001,0.188,0.175,0.227,0.954,0.992,0.982
89.8,0,0,0,0,0,0.003,0.001,0.185,0.173,0.224,0.951,0.991,0.984
89.9,0,0,0,0,0,0.003,0.001,0.183,0.171,0.222,0.948,0.989,0.986
90,0,0,0,0,0,0.002,0.001,0.181,0.168,0.219,0.945,0.987,0.988
90.1,0,0,0,0,0,0.002,0.001,0.179,0.166,0.216,0.942,0.985,0.99
90.2,0,0,0,0,0,0.002,0.001,0.177,0.164,0.214,0.939,0.983,0.991
90.3,0,0,0,0,0,0.002,0.001,0.175,0.162,0.211,0.935,0.981,0.993
90.4,0,0,0,0,0,0.002,0.001,0.173,0.16,0.208,0.932,0.979,0.994
90.5,0,0,0,0,0,0.002,0.001,0.171,0.158,0.206,0.928,0.977,0.995
90.6,0,0,0,0,0,0.002,0.001,0.169,0.156,0.203,0.925,0.974,0.996
90.7,0,0,0,0,0,0.002,0.001,0.167,0.154,0.201,0.921,0.972,0.997
90.8,0,0,0,0,0,0.002,0.001,0.165,0.152,0.198,0.917,0.969,0.998
90.9,0,0,0,0,0,0.002,0.001,0.163,0.15,0.196,0.914,0.967,0.999
91,0,0,0,0,0,0.002,0.001,0.161,0.148,0.194,0.91,0.964,0.999
91.1,0,0,0,0,0,0.002,0.001,0.16,0.146,0.191,0.906,0.961,1
91.2,0,0,0,0,0,0.002,0.001,0.158,0.144,0.189,0.902,0.958,1
91.3,0,0,0,0,0,0.002,0.001,0.156,0.142,0.187,0.898,0.955,1
91.4,0,0,0,0,0,0.002,0.001,0.154,0.14,0.184,0.894,0.952,1
91.5,0,0,0,0,0,0.002,0.001,0.152,0.138,0.182,0.89,0.949,1
91.6,0,0,0,0,0,0.002,0.001,0.151,0.136,0.18,0.886,0.946,1
91.7,0,0,0,0,0,0.002,0.001,0.149,0.135,0.178,0.882,0.942,0.999
91.8,0,0,0,0,0,0.002,0.001,0.147,0.133,0.175,0.878,0.939,0.999
91.9,0,0,0,0,0,0.002,0.001,0.146,0.131,0.173,0.874,0.935,0.998
92,0,0,0,0,0,0.002,0.001,0.144,0.129,0.171,0.869,0.932,0.998
92.1,0,0,0,0,0,0.002,0.001,0.142,0.128,0.169,0.865,0.928,0.997
92.2,0,0,0,0,0,0.002,0.001,0.141,0.126,0.167,0.861,0.924,0.996
92.3,0,0,0,0,0,0.002,0.001,0.139,0.124,0.165,0.857,0.921,0.995
92.4,0,0,0,0,0,0.002,0.001,0.137,0.123,0.163,0.852,0.917,0.994
92.5,0,0,0,0,0,0.002,0.001,0.136,0.121,0.161,0.848,0.913,0.993
92.6,0,0,0,0,0,0.001,0.001,0.134,0.12,0.159,0.844,0.909,0.992
92.7,0,0,0,0,0,0.001,0.001,0.133,0.118,0.157,0.839,0.905,0.99
92.8,0,0,0,0,0,0.001,0.001,0.131,0.117,0.155,0.835,0.901,0.989
92.9,0,0,0,0,0,0.001,0.001,0.13,0.115,0.153,0.83,0.897,0.987
93,0,0,0,0,0,0.001,0.001,0.128,0.114,0.151,0.826,0.893,0.986
93.1,0,0,0,0,0,0.001,0.001,0.127,0.112,0.149,0.821,0.889,0.984
93.2,0,0,0,0,0,0.001,0.001,0.125,0.111,0.147,0.817,0.885,0.982
93.3,0,0,0,0,0,0.001,0.001,0.124,0.109,0.146,0.812,0.88,0.98
93.4,0,0,0,0,0,0.001,0.001,0.122,0.108,0.144,0.808,0.876,0.978
93.5,0,0,0,0,0,0.001,0.001,0.121,0.106,0.142,0.803,0.872,0.976
93.6,0,0,0,0,0,0.001,0.001,0.12,0.105,0.14,0.799,0.867,0.974
93.7,0,0,0,0,0,0.001,0.001,0.118,0.103,0.139,0.794,0.863,0.972
93.8,0,0,0,0,0,0.001,0.001,0.117,0.102,0.137,0.789,0.859,0.969
93.9,0,0,0,0,0,0.001,0.001,0.115,0.101,0.135,0.785,0.854,0.967
94,0,0,0,0,0,0.001,0,0.114,0.099,0.133,0.78,0.85,0.965
94.1,0,0,0,0,0,0.001,0,0.113,0.098,0.132,0.776,0.845,0.962
94.2,0,0,0,0,0,0.001,0,0.112,0.097,0.13,0.771,0.841,0.96
94.3,0,0,0,0,0,0.001,0,0.11,0.096,0.129,0.766,0.836,0.957
94.4,0,0,0,0,0,0.001,0,0.109,0.094,0.127,0.762,0.832,0.954
94.5,0,0,0,0,0,0.001,0,0.108,0.093,0.125,0.757,0.827,0.951
94.6,0,0,0,0,0,0.001,0,0.106,0.092,0.124,0.753,0.822,0.949
94.7,0,0,0,0,0,0.001,0,0.105,0.091,0.122,0.748,0.818,0.946
94.8,0,0,0,0,0,0.001,0,0.104,0.089,0.121,0.743,0.813,0.943
94.9,0,0,0,0,0,0.001,0,0.103,0.088,0.119,0.739,0.808,0.94
95,0,0,0,0,0,0.001,0,0.102,0.087,0.118,0.734,0.804,0.937
95.1,0,0,0,0,0,0.001,0,0.1,0.086,0.116,0.73,0.799,0.934
95.2,0,0,0,0,0,0.001,0,0.099,0.085,0.115,0.725,0.794,0.93
95.3,0,0,0,0,0,0.001,0,0.098,0.084,0.114,0.72,0.79,0.927
95.4,0,0,0,0,0,0.001,0,0.097,0.083,0.112,0.716,0.785,0.924
95.5,0,0,0,0,0,0.001,0,0.096,0.082,0.111,0.711,0.78,0.921
95.6,0,0,0,0,0,0.001,0,0.095,0.081,0.109,0.706,0.775,0.917
95.7,0,0,0,0,0,0.001,0,0.094,0.079,0.108,0.702,0.771,0.914
95.8,0,0,0,0,0,0.001,0,0.093,0.078,0.107,0.697,0.766,0.91
95.9,0,0,0,0,0,0.001,0,0.092,0.077,0.105,0.693,0.761,0.907
96,0,0,0,0,0,0.001,0,0.09,0.076,0.104,0.688,0.756,0.903
96.1,0,0,0,0,0,0.001,0,0.089,0.075,0.103,0.684,0.752,0.9
96.2,0,0,0,0,0,0.001,0,0.088,0.074,0.101,0.679,0.747,0.896
96.3,0,0,0,0,0,0.001,0,0.087,0.073,0.1,0.675,0.742,0.893
96.4,0,0,0,0,0,0.001,0,0.086,0.072,0.099,0.67,0.737,0.889
96.5,0,0,0,0,0,0.001,0,0.085,0.071,0.098,0.665,0.733,0.885
96.6,0,0,0,0,0,0.001,0,0.084,0.071,0.097,0.661,0.728,0.881
96.7,0,0,0,0,0,0.001,0,0.083,0.07,0.095,0.656,0.723,0.878
96.8,0,0,0,0,0,0.001,0,0.082,0.069,0.094,0.652,0.718,0.874
96.9,0,0,0,0,0,0.001,0,0.082,0.068,0.093,0.648,0.714,0.87
97,0,0,0,0,0,0.001,0,0.081,0.067,0.092,0.643,0.709,0.866
97.1,0,0,0,0,0,0.001,0,0.08,0.066,0.091,0.639,0.704,0.862
97.2,0,0,0,0,0,0.001,0,0.079,0.065,0.09,0.634,0.699,0.858
97.3,0,0,0,0,0,0.001,0,0.078,0.064,0.088,0.63,0.695,0.854
97.4,0,0,0,0,0,0.001,0,0.077,0.063,0.087,0.625,0.69,0.851
97.5,0,0,0,0,0,0.001,0,0.076,0.063,0.086,0.621,0.685,0.847
97.6,0,0,0,0,0,0.001,0,0.075,0.062,0.085,0.617,0.681,0.843
97.7,0,0,0,0,0,0.001,0,0.074,0.061,0.084,0.612,0.676,0.839
97.8,0,0,0,0,0,0.001,0,0.073,0.06,0.083,0.608,0.671,0.834
97.9,0,0,0,0,0,0.001,0,0.073,0.059,0.082,0.604,0.667,0.83
98,0,0,0,0,0,0.001,0,0.072,0.059,0.081,0.599,0.662,0.826
98.1,0,0,0,0,0,0.001,0,0.071,0.058,0.08,0.595,0.657,0.822
98.2,0,0,0,0,0,0.001,0,0.07,0.057,0.079,0.591,0.653,0.818
98.3,0,0,0,0,0,0,0,0.069,0.056,0.078,0.587,0.648,0.814
98.4,0,0,0,0,0,0,0,0.068,0.056,0.077,0.582,0.644,0.81
98.5,0,0,0,0,0,0,0,0.068,0.055,0.076,0.578,0.639,0.806
98.6,0,0,0,0,0,0,0,0.067,0.054,0.075,0.574,0.634,0.802
98.7,0,0,0,0,0,0,0,0.066,0.053,0.074,0.57,0.63,0.798
98.8,0,0,0,0,0,0,0,0.065,0.053,0.073,0.566,0.625,0.793
98.9,0,0,0,0,0,0,0,0.065,0.052,0.072,0.562,0.621,0.789
99,0,0,0,0,0,0,0,0.064,0.051,0.072,0.557,0.616,0.785
99.1,0,0,0,0,0,0,0,0.063,0.051,0.071,0.553,0.612,0.781
99.2,0,0,0,0,0,0,0,0.062,0.05,0.07,0.549,0.607,0.777
99.3,0,0,0,0,0,0,0,0.062,0.049,0.069,0.545,0.603,0.772
99.4,0,0,0,0,0,0,0,0.061,0.049,0.068,0.541,0.599,0.768
99.5,0,0,0,0,0,0,0,0.06,0.048,0.067,0.537,0.594,0.764
99.6,0,0,0,0,0,0,0,0.06,0.047,0.066,0.533,0.59,0.76
99.7,0,0,0,0,0,0,0,0.059,0.047,0.066,0.529,0.585,0.756
99.8,0,0,0,0,0,0,0,0.058,0.046,0.065,0.525,0.581,0.751
99.9,0,0,0,0,0,0,0,0.057,0.046,0.064,0.521,0.577,0.747
100,0,0,0,0,0,0,0,0.057,0.045,0.063,0.517,0.572,0.743
100.1,0,0,0,0,0,0,0,0.056,0.044,0.062,0.514,0.568,0.739
100.2,0,0,0,0,0,0,0,0.056,0.044,0.062,0.51,0.564,0.735
100.3,0,0,0,0,0,0,0,0.055,0.043,0.061,0.506,0.56,0.73
100.4,0,0,0,0,0,0,0,0.054,0.043,0.06,0.502,0.555,0.726
100.5,0,0,0,0,0,0,0,0.054,0.042,0.059,0.498,0.551,0.722
100.6,0,0,0,0,0,0,0,0.053,0.042,0.059,0.494,0.547,0.718
100.7,0,0,0,0,0,0,0,0.052,0.041,0.058,0.491,0.543,0.714
100.8,0,0,0,0,0,0,0,0.052,0.04,0.057,0.487,0.539,0.709
100.9,0,0,0,0,0,0,0,0.051,0.04,0.056,0.483,0.535,0.705
101,0,0,0,0,0,0,0,0.051,0.039,0.056,0.48,0.53,0.701
101.1,0,0,0,0,0,0,0,0.05,0.039,0.055,0.476,0.526,0.697
101.2,0,0,0,0,0,0,0,0.049,0.038,0.054,0.472,0.522,0.693
101.3,0,0,0,0,0,0,0,0.049,0.038,0.054,0.469,0.518,0.689
101.4,0,0,0,0,0,0,0,0.048,0.037,0.053,0.465,0.514,0.684
101.5,0,0,0,0,0,0,0,0.048,0.037,0.052,0.461,0.51,0.68
101.6,0,0,0,0,0,0,0,0.047,0.036,0.052,0.458,0.506,0.676
101.7,0,0,0,0,0,0,0,0.047,0.036,0.051,0.454,0.502,0.672
101.8,0,0,0,0,0,0,0,0.046,0.035,0.05,0.451,0.499,0.668
101.9,0,0,0,0,0,0,0,0.046,0.035,0.05,0.447,0.495,0.664
102,0,0,0,0,0,0,0,0.045,0.035,0.049,0.444,0.491,0.66
102.1,0,0,0,0,0,0,0,0.045,0.034,0.049,0.44,0.487,0.656
102.2,0,0,0,0,0,0,0,0.044,0.034,0.048,0.437,0.483,0.652
102.3,0,0,0,0,0,0,0,0.043,0.033,0.047,0.434,0.479,0.647
102.4,0,0,0,0,0,0,0,0.043,0.033,0.047,0.43,0.475,0.643
102.5,0,0,0,0,0,0,0,0.042,0.032,0.046,0.427,0.472,0.639
102.6,0,0,0,0,0,0,0,0.042,0.032,0.046,0.423,0.468,0.635
102.7,0,0,0,0,0,0,0,0.042,0.031,0.045,0.42,0.464,0.631
102.8,0,0,0,0,0,0,0,0.041,0.031,0.044,0.417,0.461,0.627
102.9,0,0,0,0,0,0,0,0.041,0.031,0.044,0.414,0.457,0.623
103,0,0,0,0,0,0,0,0.04,0.03,0.043,0.41,0.453,0.619
103.1,0,0,0,0,0,0,0,0.04,0.03,0.043,0.407,0.45,0.615
103.2,0,0,0,0,0,0,0,0.039,0.029,0.042,0.404,0.446,0.611
103.3,0,0,0,0,0,0,0,0.039,0.029,0.042,0.401,0.443,0.607
103.4,0,0,0,0,0,0,0,0.038,0.029,0.041,0.398,0.439,0.604
103.5,0,0,0,0,0,0,0,0.038,0.028,0.041,0.394,0.435,0.6
103.6,0,0,0,0,0,0,0,0.037,0.028,0.04,0.391,0.432,0.596
103.7,0,0,0,0,0,0,0,0.037,0.028,0.04,0.388,0.429,0.592
103.8,0,0,0,0,0,0,0,0.037,0.027,0.039,0.385,0.425,0.588
103.9,0,0,0,0,0,0,0,0.036,0.027,0.039,0.382,0.422,0.584
104,0,0,0,0,0,0,0,0.036,0.026,0.038,0.379,0.418,0.58
104.1,0,0,0,0,0,0,0,0.035,0.026,0.038,0.376,0.415,0.576
104.2,0,0,0,0,0,0,0,0.035,0.026,0.037,0.373,0.412,0.573
104.3,0,0,0,0,0,0,0,0.034,0.025,0.037,0.37,0.408,0.569
104.4,0,0,0,0,0,0,0,0.034,0.025,0.036,0.367,0.405,0.565
104.5,0,0,0,0,0,0,0,0.034,0.025,0.036,0.364,0.402,0.561
104.6,0,0,0,0,0,0,0,0.033,0.024,0.036,0.361,0.398,0.558
104.7,0,0,0,0,0,0,0,0.033,0.024,0.035,0.358,0.395,0.554
104.8,0,0,0,0,0,0,0,0.033,0.024,0.035,0.355,0.392,0.55
104.9,0,0,0,0,0,0,0,0.032,0.023,0.034,0.353,0.389,0.546
105,0,0,0,0,0,0,0,0.032,0.023,0.034,0.35,0.385,0.543
105.1,0,0,0,0,0,0,0,0.031,0.023,0.033,0.347,0.382,0.539
105.2,0,0,0,0,0,0,0,0.031,0.023,0.033,0.344,0.379,0.535
105.3,0,0,0,0,0,0,0,0.031,0.022,0.033,0.341,0.376,0.532
105.4,0,0,0,0,0,0,0,0.03,0.022,0.032,0.339,0.373,0.528
105.5,0,0,0,0,0,0,0,0.03,0.022,0.032,0.336,0.37,0.525
105.6,0,0,0,0,0,0,0,0.03,0.021,0.031,0.333,0.367,0.521
105.7,0,0,0,0,0,0,0,0.029,0.021,0.031,0.331,0.364,0.518
105.8,0,0,0,0,0,0,0,0.029,0.021,0.031,0.328,0.361,0.514
105.9,0,0,0,0,0,0,0,0.029,0.021,0.03,0.325,0.358,0.51
106,0,0,0,0,0,0,0,0.028,0.02,0.03,0.323,0.355,0.507
106.1,0,0,0,0,0,0,0,0.028,0.02,0.029,0.32,0.352,0.503
106.2,0,0,0,0,0,0,0,0.028,0.02,0.029,0.317,0.349,0.5
106.3,0,0,0,0,0,0,0,0.027,0.02,0.029,0.315,0.346,0.497
106.4,0,0,0,0,0,0,0,0.027,0.019,0.028,0.312,0.343,0.493
106.5,0,0,0,0,0,0,0,0.027,0.019,0.028,0.31,0.341,0.49
106.6,0,0,0,0,0,0,0,0.026,0.019,0.028,0.307,0.338,0.486
106.7,0,0,0,0,0,0,0,0.026,0.019,0.027,0.305,0.335,0.483
106.8,0,0,0,0,0,0,0,0.026,0.018,0.027,0.302,0.332,0.48
106.9,0,0,0,0,0,0,0,0.025,0.018,0.027,0.3,0.329,0.476
107,0,0,0,0,0,0,0,0.025,0.018,0.026,0.297,0.327,0.473
107.1,0,0,0,0,0,0,0,0.025,0.018,0.026,0.295,0.324,0.47
107.2,0,0,0,0,0,0,0,0.025,0.017,0.026,0.293,0.321,0.466
107.3,0,0,0,0,0,0,0,0.024,0.017,0.025,0.29,0.319,0.463
107.4,0,0,0,0,0,0,0,0.024,0.017,0.025,0.288,0.316,0.46
107.5,0,0,0,0,0,0,0,0.024,0.017,0.025,0.285,0.313,0.457
107.6,0,0,0,0,0,0,0,0.023,0.016,0.024,0.283,0.311,0.453
107.7,0,0,0,0,0,0,0,0.023,0.016,0.024,0.281,0.308,0.45
107.8,0,0,0,0,0,0,0,0.023,0.016,0.024,0.278,0.305,0.447
107.9,0,0,0,0,0,0,0,0.023,0.016,0.023,0.276,0.303,0.444
108,0,0,0,0,0,0,0,0.022,0.016,0.023,0.274,0.3,0.441
108.1,0,0,0,0,0,0,0,0.022,0.015,0.023,0.272,0.298,0.438
108.2,0,0,0,0,0,0,0,0.022,0.015,0.023,0.269,0.295,0.434
108.3,0,0,0,0,0,0,0,0.022,0.015,0.022,0.267,0.293,0.431
108.4,0,0,0,0,0,0,0,0.021,0.015,0.022,0.265,0.29,0.428
108.5,0,0,0,0,0,0,0,0.021,0.015,0.022,0.263,0.288,0.425
108.6,0,0,0,0,0,0,0,0.021,0.014,0.022,0.261,0.286,0.422
108.7,0,0,0,0,0,0,0,0.021,0.014,0.021,0.259,0.283,0.419
108.8,0,0,0,0,0,0,0,0.02,0.014,0.021,0.256,0.281,0.416
108.9,0,0,0,0,0,0,0,0.02,0.014,0.021,0.254,0.278,0.413
109,0,0,0,0,0,0,0,0.02,0.014,0.02,0.252,0.276,0.41
109.1,0,0,0,0,0,0,0,0.02,0.013,0.02,0.25,0.274,0.407
109.2,0,0,0,0,0,0,0,0.019,0.013,0.02,0.248,0.271,0.404
109.3,0,0,0,0,0,0,0,0.019,0.013,0.02,0.246,0.269,0.402
109.4,0,0,0,0,0,0,0,0.019,0.013,0.019,0.244,0.267,0.399
109.5,0,0,0,0,0,0,0,0.019,0.013,0.019,0.242,0.265,0.396
109.6,0,0,0,0,0,0,0,0.019,0.013,0.019,0.24,0.262,0.393
109.7,0,0,0,0,0,0,0,0.018,0.012,0.019,0.238,0.26,0.39
109.8,0,0,0,0,0,0,0,0.018,0.012,0.019,0.236,0.258,0.387
109.9,0,0,0,0,0,0,0,0.018,0.012,0.018,0.234,0.256,0.384
110,0,0,0,0,0,0,0,0.018,0.012,0.018,0.232,0.254,0.382
110.1,0,0,0,0,0,0,0,0.018,0.012,0.018,0.23,0.251,0.379
110.2,0,0,0,0,0,0,0,0.017,0.012,0.018,0.228,0.249,0.376
110.3,0,0,0,0,0,0,0,0.017,0.011,0.017,0.227,0.247,0.373
110.4,0,0,0,0,0,0,0,0.017,0.011,0.017,0.225,0.245,0.371
110.5,0,0,0,0,0,0,0,0.017,0.011,0.017,0.223,0.243,0.368
110.6,0,0,0,0,0,0,0,0.017,0.011,0.017,0.221,0.241,0.365
110.7,0,0,0,0,0,0,0,0.016,0.011,0.017,0.219,0.239,0.363
110.8,0,0,0,0,0,0,0,0.016,0.011,0.016,0.217,0.237,0.36
110.9,0,0,0,0,0,0,0,0.016,0.011,0.016,0.216,0.235,0.357
111,0,0,0,0,0,0,0,0.016,0.01,0.016,0.214,0.233,0.355
111.1,0,0,0,0,0,0,0,0.016,0.01,0.016,0.212,0.231,0.352
111.2,0,0,0,0,0,0,0,0.015,0.01,0.016,0.21,0.229,0.35
111.3,0,0,0,0,0,0,0,0.015,0.01,0.015,0.208,0.227,0.347
111.4,0,0,0,0,0,0,0,0.015,0.01,0.015,0.207,0.225,0.345
111.5,0,0,0,0,0,0,0,0.015,0.01,0.015,0.205,0.223,0.342
111.6,0,0,0,0,0,0,0,0.015,0.01,0.015,0.203,0.221,0.34
111.7,0,0,0,0,0,0,0,0.015,0.01,0.015,0.202,0.219,0.337
111.8,0,0,0,0,0,0,0,0.014,0.009,0.014,0.2,0.217,0.335
111.9,0,0,0,0,0,0,0,0.014,0.009,0.014,0.198,0.216,0.332
112,0,0,0,0,0,0,0,0.014,0.009,0.014,0.197,0.214,0.33
112.1,0,0,0,0,0,0,0,0.014,0.009,0.014,0.195,0.212,0.327
112.2,0,0,0,0,0,0,0,0.014,0.009,0.014,0.193,0.21,0.325
112.3,0,0,0,0,0,0,0,0.014,0.009,0.014,0.192,0.208,0.322
112.4,0,0,0,0,0,0,0,0.013,0.009,0.013,0.19,0.207,0.32
112.5,0,0,0,0,0,0,0,0.013,0.009,0.013,0.189,0.205,0.318
112.6,0,0,0,0,0,0,0,0.013,0.008,0.013,0.187,0.203,0.315
112.7,0,0,0,0,0,0,0,0.013,0.008,0.013,0.186,0.201,0.313
112.8,0,0,0,0,0,0,0,0.013,0.008,0.013,0.184,0.2,0.311
112.9,0,0,0,0,0,0,0,0.013,0.008,0.013,0.182,0.198,0.308
113,0,0,0,0,0,0,0,0.013,0.008,0.012,0.181,0.196,0.306
113.1,0,0,0,0,0,0,0,0.012,0.008,0.012,0.179,0.195,0.304
113.2,0,0,0,0,0,0,0,0.012,0.008,0.012,0.178,0.193,0.302
113.3,0,0,0,0,0,0,0,0.012,0.008,0.012,0.176,0.191,0.299
113.4,0,0,0,0,0,0,0,0.012,0.008,0.012,0.175,0.19,0.297
113.5,0,0,0,0,0,0,0,0.012,0.008,0.012,0.174,0.188,0.295
113.6,0,0,0,0,0,0,0,0.012,0.007,0.012,0.172,0.186,0.293
113.7,0,0,0,0,0,0,0,0.012,0.007,0.011,0.171,0.185,0.291
113.8,0,0,0,0,0,0,0,0.011,0.007,0.011,0.169,0.183,0.288
113.9,0,0,0,0,0,0,0,0.011,0.007,0.011,0.168,0.182,0.286
114,0,0,0,0,0,0,0,0.011,0.007,0.011,0.166,0.18,0.284
114.1,0,0,0,0,0,0,0,0.011,0.007,0.011,0.165,0.179,0.282
114.2,0,0,0,0,0,0,0,0.011,0.007,0.011,0.164,0.177,0.28
114.3,0,0,0,0,0,0,0,0.011,0.007,0.011,0.162,0.175,0.278
114.4,0,0,0,0,0,0,0,0.011,0.007,0.01,0.161,0.174,0.276
114.5,0,0,0,0,0,0,0,0.01,0.007,0.01,0.16,0.172,0.274
114.6,0,0,0,0,0,0,0,0.01,0.006,0.01,0.158,0.171,0.272
114.7,0,0,0,0,0,0,0,0.01,0.006,0.01,0.157,0.17,0.27
114.8,0,0,0,0,0,0,0,0.01,0.006,0.01,0.156,0.168,0.268
114.9,0,0,0,0,0,0,0,0.01,0.006,0.01,0.154,0.167,0.266
115,0,0,0,0,0,0,0,0.01,0.006,0.01,0.153,0.165,0.264
115.1,0,0,0,0,0,0,0,0.01,0.006,0.01,0.152,0.164,0.262
115.2,0,0,0,0,0,0,0,0.01,0.006,0.009,0.15,0.162,0.26
115.3,0,0,0,0,0,0,0,0.01,0.006,0.009,0.149,0.161,0.258
115.4,0,0,0,0,0,0,0,0.009,0.006,0.009,0.148,0.16,0.256
115.5,0,0,0,0,0,0,0,0.009,0.006,0.009,0.147,0.158,0.254
115.6,0,0,0,0,0,0,0,0.009,0.006,0.009,0.146,0.157,0.252
115.7,0,0,0,0,0,0,0,0.009,0.006,0.009,0.144,0.156,0.25
115.8,0,0,0,0,0,0,0,0.009,0.006,0.009,0.143,0.154,0.248
115.9,0,0,0,0,0,0,0,0.009,0.005,0.009,0.142,0.153,0.246
116,0,0,0,0,0,0,0,0.009,0.005,0.009,0.141,0.152,0.245
116.1,0,0,0,0,0,0,0,0.009,0.005,0.008,0.14,0.15,0.243
116.2,0,0,0,0,0,0,0,0.009,0.005,0.008,0.138,0.149,0.241
116.3,0,0,0,0,0,0,0,0.009,0.005,0.008,0.137,0.148,0.239
116.4,0,0,0,0,0,0,0,0.008,0.005,0.008,0.136,0.146,0.237
116.5,0,0,0,0,0,0,0,0.008,0.005,0.008,0.135,0.145,0.236
116.6,0,0,0,0,0,0,0,0.008,0.005,0.008,0.134,0.144,0.234
116.7,0,0,0,0,0,0,0,0.008,0.005,0.008,0.133,0.143,0.232
116.8,0,0,0,0,0,0,0,0.008,0.005,0.008,0.132,0.141,0.23
116.9,0,0,0,0,0,0,0,0.008,0.005,0.008,0.13,0.14,0.229
117,0,0,0,0,0,0,0,0.008,0.005,0.008,0.129,0.139,0.227
117.1,0,0,0,0,0,0,0,0.008,0.005,0.007,0.128,0.138,0.225
117.2,0,0,0,0,0,0,0,0.008,0.005,0.007,0.127,0.137,0.223
117.3,0,0,0,0,0,0,0,0.008,0.005,0.007,0.126,0.135,0.222
117.4,0,0,0,0,0,0,0,0.007,0.004,0.007,0.125,0.134,0.22
117.5,0,0,0,0,0,0,0,0.007,0.004,0.007,0.124,0.133,0.218
117.6,0,0,0,0,0,0,0,0.007,0.004,0.007,0.123,0.132,0.217
117.7,0,0,0,0,0,0,0,0.007,0.004,0.007,0.122,0.131,0.215
117.8,0,0,0,0,0,0,0,0.007,0.004,0.007,0.121,0.13,0.213
117.9,0,0,0,0,0,0,0,0.007,0.004,0.007,0.12,0.129,0.212
118,0,0,0,0,0,0,0,0.007,0.004,0.007,0.119,0.127,0.21
118.1,0,0,0,0,0,0,0,0.007,0.004,0.007,0.118,0.126,0.209
118.2,0,0,0,0,0,0,0,0.007,0.004,0.006,0.117,0.125,0.207
118.3,0,0,0,0,0,0,0,0.007,0.004,0.006,0.116,0.124,0.206
118.4,0,0,0,0,0,0,0,0.007,0.004,0.006,0.115,0.123,0.204
118.5,0,0,0,0,0,0,0,0.007,0.004,0.006,0.114,0.122,0.202
118.6,0,0,0,0,0,0,0,0.007,0.004,0.006,0.113,0.121,0.201
118.7,0,0,0,0,0,0,0,0.006,0.004,0.006,0.112,0.12,0.199
118.8,0,0,0,0,0,0,0,0.006,0.004,0.006,0.111,0.119,0.198
118.9,0,0,0,0,0,0,0,0.006,0.004,0.006,0.11,0.118,0.196
119,0,0,0,0,0,0,0,0.006,0.004,0.006,0.109,0.117,0.195
119.1,0,0,0,0,0,0,0,0.006,0.004,0.006,0.108,0.116,0.193
119.2,0,0,0,0,0,0,0,0.006,0.004,0.006,0.107,0.115,0.192
119.3,0,0,0,0,0,0,0,0.006,0.003,0.006,0.107,0.114,0.191
119.4,0,0,0,0,0,0,0,0.006,0.003,0.006,0.106,0.113,0.189
119.5,0,0,0,0,0,0,0,0.006,0.003,0.005,0.105,0.112,0.188
119.6,0,0,0,0,0,0,0,0.006,0.003,0.005,0.104,0.111,0.186
119.7,0,0,0,0,0,0,0,0.006,0.003,0.005,0.103,0.11,0.185
119.8,0,0,0,0,0,0,0,0.006,0.003,0.005,0.102,0.109,0.183
119.9,0,0,0,0,0,0,0,0.006,0.003,0.005,0.101,0.108,0.182
120,0,0,0,0,0,0,0,0.006,0.003,0.005,0.1,0.107,0.181
120.1,0,0,0,0,0,0,0,0.005,0.003,0.005,0.1,0.106,0.179
120.2,0,0,0,0,0,0,0,0.005,0.003,0.005,0.099,0.105,0.178
120.3,0,0,0,0,0,0,0,0.005,0.003,0.005,0.098,0.104,0.177
120.4,0,0,0,0,0,0,0,0.005,0.003,0.005,0.097,0.104,0.175
120.5,0,0,0,0,0,0,0,0.005,0.003,0.005,0.096,0.103,0.174
120.6,0,0,0,0,0,0,0,0.005,0.003,0.005,0.096,0.102,0.173
120.7,0,0,0,0,0,0,0,0.005,0.003,0.005,0.095,0.101,0.171
120.8,0,0,0,0,0,0,0,0.005,0.003,0.005,0.094,0.1,0.17
120.9,0,0,0,0,0,0,0,0.005,0.003,0.005,0.093,0.099,0.169
121,0,0,0,0,0,0,0,0.005,0.003,0.005,0.092,0.098,0.167
121.1,0,0,0,0,0,0,0,0.005,0.003,0.004,0.092,0.097,0.166
121.2,0,0,0,0,0,0,0,0.005,0.003,0.004,0.091,0.097,0.165
121.3,0,0,0,0,0,0,0,0.005,0.003,0.004,0.09,0.096,0.164
121.4,0,0,0,0,0,0,0,0.005,0.003,0.004,0.089,0.095,0.162
121.5,0,0,0,0,0,0,0,0.005,0.003,0.004,0.089,0.094,0.161
121.6,0,0,0,0,0,0,0,0.005,0.003,0.004,0.088,0.093,0.16
121.7,0,0,0,0,0,0,0,0.005,0.003,0.004,0.087,0.092,0.159
121.8,0,0,0,0,0,0,0,0.004,0.003,0.004,0.086,0.092,0.158
121.9,0,0,0,0,0,0,0,0.004,0.002,0.004,0.086,0.091,0.156
122,0,0,0,0,0,0,0,0.004,0.002,0.004,0.085,0.09,0.155
122.1,0,0,0,0,0,0,0,0.004,0.002,0.004,0.084,0.089,0.154
122.2,0,0,0,0,0,0,0,0.004,0.002,0.004,0.083,0.089,0.153
122.3,0,0,0,0,0,0,0,0.004,0.002,0.004,0.083,0.088,0.152
122.4,0,0,0,0,0,0,0,0.004,0.002,0.004,0.082,0.087,0.15
122.5,0,0,0,0,0,0,0,0.004,0.002,0.004,0.081,0.086,0.149
122.6,0,0,0,0,0,0,0,0.004,0.002,0.004,0.081,0.086,0.148
122.7,0,0,0,0,0,0,0,0.004,0.002,0.004,0.08,0.085,0.147
122.8,0,0,0,0,0,0,0,0.004,0.002,0.004,0.079,0.084,0.146
122.9,0,0,0,0,0,0,0,0.004,0.002,0.004,0.079,0.083,0.145
123,0,0,0,0,0,0,0,0.004,0.002,0.004,0.078,0.083,0.144
123.1,0,0,0,0,0,0,0,0.004,0.002,0.004,0.077,0.082,0.143
123.2,0,0,0,0,0,0,0,0.004,0.002,0.003,0.077,0.081,0.142
123.3,0,0,0,0,0,0,0,0.004,0.002,0.003,0.076,0.08,0.14
123.4,0,0,0,0,0,0,0,0.004,0.002,0.003,0.075,0.08,0.139
123.5,0,0,0,0,0,0,0,0.004,0.002,0.003,0.075,0.079,0.138
123.6,0,0,0,0,0,0,0,0.004,0.002,0.003,0.074,0.078,0.137
123.7,0,0,0,0,0,0,0,0.004,0.002,0.003,0.074,0.078,0.136
123.8,0,0,0,0,0,0,0,0.004,0.002,0.003,0.073,0.077,0.135
123.9,0,0,0,0,0,0,0,0.004,0.002,0.003,0.072,0.076,0.134
124,0,0,0,0,0,0,0,0.003,0.002,0.003,0.072,0.076,0.133
124.1,0,0,0,0,0,0,0,0.003,0.002,0.003,0.071,0.075,0.132
124.2,0,0,0,0,0,0,0,0.003,0.002,0.003,0.071,0.074,0.131
124.3,0,0,0,0,0,0,0,0.003,0.002,0.003,0.07,0.074,0.13
124.4,0,0,0,0,0,0,0,0.003,0.002,0.003,0.069,0.073,0.129
124.5,0,0,0,0,0,0,0,0.003,0.002,0.003,0.069,0.073,0.128
124.6,0,0,0,0,0,0,0,0.003,0.002,0.003,0.068,0.072,0.127
124.7,0,0,0,0,0,0,0,0.003,0.002,0.003,0.068,0.071,0.126
124.8,0,0,0,0,0,0,0,0.003,0.002,0.003,0.067,0.071,0.125
124.9,0,0,0,0,0,0,0,0.003,0.002,0.003,0.066,0.07,0.124
125,0,0,0,0,0,0,0,0.003,0.002,0.003,0.066,0.069,0.123
125.1,0,0,0,0,0,0,0,0.003,0.002,0.003,0.065,0.069,0.122
125.2,0,0,0,0,0,0,0,0.003,0.002,0.003,0.065,0.068,0.121
125.3,0,0,0,0,0,0,0,0.003,0.002,0.003,0.064,0.068,0.121
125.4,0,0,0,0,0,0,0,0.003,0.002,0.003,0.064,0.067,0.12
125.5,0,0,0,0,0,0,0,0.003,0.002,0.003,0.063,0.066,0.119
125.6,0,0,0,0,0,0,0,0.003,0.002,0.003,0.063,0.066,0.118
125.7,0,0,0,0,0,0,0,0.003,0.001,0.003,0.062,0.065,0.117
125.8,0,0,0,0,0,0,0,0.003,0.001,0.002,0.062,0.065,0.116
125.9,0,0,0,0,0,0,0,0.003,0.001,0.002,0.061,0.064,0.115
126,0,0,0,0,0,0,0,0.003,0.001,0.002,0.061,0.064,0.114
126.1,0,0,0,0,0,0,0,0.003,0.001,0.002,0.06,0.063,0.113
126.2,0,0,0,0,0,0,0,0.003,0.001,0.002,0.06,0.063,0.112
126.3,0,0,0,0,0,0,0,0.003,0.001,0.002,0.059,0.062,0.112
126.4,0,0,0,0,0,0,0,0.003,0.001,0.002,0.059,0.061,0.111
126.5,0,0,0,0,0,0,0,0.003,0.001,0.002,0.058,0.061,0.11
126.6,0,0,0,0,0,0,0,0.003,0.001,0.002,0.058,0.06,0.109
126.7,0,0,0,0,0,0,0,0.003,0.001,0.002,0.057,0.06,0.108
126.8,0,0,0,0,0,0,0,0.003,0.001,0.002,0.057,0.059,0.107
126.9,0,0,0,0,0,0,0,0.002,0.001,0.002,0.056,0.059,0.107
127,0,0,0,0,0,0,0,0.002,0.001,0.002,0.056,0.058,0.106
127.1,0,0,0,0,0,0,0,0.002,0.001,0.002,0.055,0.058,0.105
127.2,0,0,0,0,0,0,0,0.002,0.001,0.002,0.055,0.057,0.104
127.3,0,0,0,0,0,0,0,0.002,0.001,0.002,0.054,0.057,0.103
127.4,0,0,0,0,0,0,0,0.002,0.001,0.002,0.054,0.056,0.103
127.5,0,0,0,0,0,0,0,0.002,0.001,0.002,0.053,0.056,0.102
127.6,0,0,0,0,0,0,0,0.002,0.001,0.002,0.053,0.055,0.101
127.7,0,0,0,0,0,0,0,0.002,0.001,0.002,0.052,0.055,0.1
127.8,0,0,0,0,0,0,0,0.002,0.001,0.002,0.052,0.054,0.099
127.9,0,0,0,0,0,0,0,0.002,0.001,0.002,0.052,0.054,0.099
128,0,0,0,0,0,0,0,0.002,0.001,0.002,0.051,0.053,0.098
128.1,0,0,0,0,0,0,0,0.002,0.001,0.002,0.051,0.053,0.097
128.2,0,0,0,0,0,0,0,0.002,0.001,0.002,0.05,0.053,0.096
128.3,0,0,0,0,0,0,0,0.002,0.001,0.002,0.05,0.052,0.096
128.4,0,0,0,0,0,0,0,0.002,0.001,0.002,0.049,0.052,0.095
128.5,0,0,0,0,0,0,0,0.002,0.001,0.002,0.049,0.051,0.094
128.6,0,0,0,0,0,0,0,0.002,0.001,0.002,0.049,0.051,0.094
128.7,0,0,0,0,0,0,0,0.002,0.001,0.002,0.048,0.05,0.093
128.8,0,0,0,0,0,0,0,0.002,0.001,0.002,0.048,0.05,0.092
128.9,0,0,0,0,0,0,0,0.002,0.001,0.002,0.047,0.049,0.091
129,0,0,0,0,0,0,0,0.002,0.001,0.002,0.047,0.049,0.091
129.1,0,0,0,0,0,0,0,0.002,0.001,0.002,0.047,0.049,0.09
129.2,0,0,0,0,0,0,0,0.002,0.001,0.002,0.046,0.048,0.089
129.3,0,0,0,0,0,0,0,0.002,0.001,0.002,0.046,0.048,0.089
129.4,0,0,0,0,0,0,0,0.002,0.001,0.002,0.045,0.047,0.088
129.5,0,0,0,0,0,0,0,0.002,0.001,0.002,0.045,0.047,0.087
129.6,0,0,0,0,0,0,0,0.002,0.001,0.002,0.045,0.047,0.087
129.7,0,0,0,0,0,0,0,0.002,0.001,0.002,0.044,0.046,0.086
129.8,0,0,0,0,0,0,0,0.002,0.001,0.002,0.044,0.046,0.085
129.9,0,0,0,0,0,0,0,0.002,0.001,0.001,0.044,0.045,0.085
130,0,0,0,0,0,0,0,0.002,0.001,0.001,0.043,0.045,0.084
130.1,0,0,0,0,0,0,0,0.002,0.001,0.001,0.043,0.045,0.083
130.2,0,0,0,0,0,0,0,0.002,0.001,0.001,0.042,0.044,0.083
130.3,0,0,0,0,0,0,0,0.002,0.001,0.001,0.042,0.044,0.082
130.4,0,0,0,0,0,0,0,0.002,0.001,0.001,0.042,0.043,0.081
130.5,0,0,0,0,0,0,0,0.002,0.001,0.001,0.041,0.043,0.081
130.6,0,0,0,0,0,0,0,0.002,0.001,0.001,0.041,0.043,0.08
130.7,0,0,0,0,0,0,0,0.002,0.001,0.001,0.041,0.042,0.08
130.8,0,0,0,0,0,0,0,0.002,0.001,0.001,0.04,0.042,0.079
130.9,0,0,0,0,0,0,0,0.002,0.001,0.001,0.04,0.042,0.078
131,0,0,0,0,0,0,0,0.002,0.001,0.001,0.04,0.041,0.078
131.1,0,0,0,0,0,0,0,0.002,0.001,0.001,0.039,0.041,0.077
131.2,0,0,0,0,0,0,0,0.002,0.001,0.001,0.039,0.04,0.077
131.3,0,0,0,0,0,0,0,0.001,0.001,0.001,0.039,0.04,0.076
131.4,0,0,0,0,0,0,0,0.001,0.001,0.001,0.038,0.04,0.075
131.5,0,0,0,0,0,0,0,0.001,0.001,0.001,0.038,0.039,0.075
131.6,0,0,0,0,0,0,0,0.001,0.001,0.001,0.038,0.039,0.074
131.7,0,0,0,0,0,0,0,0.001,0.001,0.001,0.037,0.039,0.074
131.8,0,0,0,0,0,0,0,0.001,0.001,0.001,0.037,0.038,0.073
131.9,0,0,0,0,0,0,0,0.001,0.001,0.001,0.037,0.038,0.073
132,0,0,0,0,0,0,0,0.001,0.001,0.001,0.036,0.038,0.072
132.1,0,0,0,0,0,0,0,0.001,0.001,0.001,0.036,0.037,0.072
132.2,0,0,0,0,0,0,0,0.001,0.001,0.001,0.036,0.037,0.071
132.3,0,0,0,0,0,0,0,0.001,0.001,0.001,0.036,0.037,0.07
132.4,0,0,0,0,0,0,0,0.001,0.001,0.001,0.035,0.036,0.07
132.5,0,0,0,0,0,0,0,0.001,0.001,0.001,0.035,0.036,0.069
132.6,0,0,0,0,0,0,0,0.001,0.001,0.001,0.035,0.036,0.069
132.7,0,0,0,0,0,0,0,0.001,0.001,0.001,0.034,0.036,0.068
132.8,0,0,0,0,0,0,0,0.001,0.001,0.001,0.034,0.035,0.068
132.9,0,0,0,0,0,0,0,0.001,0.001,0.001,0.034,0.035,0.067
133,0,0,0,0,0,0,0,0.001,0.001,0.001,0.034,0.035,0.067
133.1,0,0,0,0,0,0,0,0.001,0.001,0.001,0.033,0.034,0.066
133.2,0,0,0,0,0,0,0,0.001,0.001,0.001,0.033,0.034,0.066
133.3,0,0,0,0,0,0,0,0.001,0.001,0.001,0.033,0.034,0.065
133.4,0,0,0,0,0,0,0,0.001,0.001,0.001,0.032,0.033,0.065
133.5,0,0,0,0,0,0,0,0.001,0.001,0.001,0.032,0.033,0.064
133.6,0,0,0,0,0,0,0,0.001,0.001,0.001,0.032,0.033,0.064
133.7,0,0,0,0,0,0,0,0.001,0.001,0.001,0.032,0.033,0.063
133.8,0,0,0,0,0,0,0,0.001,0.001,0.001,0.031,0.032,0.063
133.9,0,0,0,0,0,0,0,0.001,0.001,0.001,0.031,0.032,0.062
134,0,0,0,0,0,0,0,0.001,0,0.001,0.031,0.032,0.062
134.1,0,0,0,0,0,0,0,0.001,0,0.001,0.031,0.031,0.061
134.2,0,0,0,0,0,0,0,0.001,0,0.001,0.03,0.031,0.061
134.3,0,0,0,0,0,0,0,0.001,0,0.001,0.03,0.031,0.06
134.4,0,0,0,0,0,0,0,0.001,0,0.001,0.03,0.031,0.06
134.5,0,0,0,0,0,0,0,0.001,0,0.001,0.03,0.03,0.059
134.6,0,0,0,0,0,0,0,0.001,0,0.001,0.029,0.03,0.059
134.7,0,0,0,0,0,0,0,0.001,0,0.001,0.029,0.03,0.059
134.8,0,0,0,0,0,0,0,0.001,0,0.001,0.029,0.03,0.058
134.9,0,0,0,0,0,0,0,0.001,0,0.001,0.029,0.029,0.058
135,0,0,0,0,0,0,0,0.001,0,0.001,0.028,0.029,0.057
135.1,0,0,0,0,0,0,0,0.001,0,0.001,0.028,0.029,0.057
135.2,0,0,0,0,0,0,0,0.001,0,0.001,0.028,0.029,0.056
135.3,0,0,0,0,0,0,0,0.001,0,0.001,0.028,0.028,0.056
135.4,0,0,0,0,0,0,0,0.001,0,0.001,0.027,0.028,0.055
135.5,0,0,0,0,0,0,0,0.001,0,0.001,0.027,0.028,0.055
135.6,0,0,0,0,0,0,0,0.001,0,0.001,0.027,0.028,0.055
135.7,0,0,0,0,0,0,0,0.001,0,0.001,0.027,0.027,0.054
135.8,0,0,0,0,0,0,0,0.001,0,0.001,0.026,0.027,0.054
135.9,0,0,0,0,0,0,0,0.001,0,0.001,0.026,0.027,0.053
136,0,0,0,0,0,0,0,0.001,0,0.001,0.026,0.027,0.053
136.1,0,0,0,0,0,0,0,0.001,0,0.001,0.026,0.026,0.053
136.2,0,0,0,0,0,0,0,0.001,0,0.001,0.026,0.026,0.052
136.3,0,0,0,0,0,0,0,0.001,0,0.001,0.025,0.026,0.052
136.4,0,0,0,0,0,0,0,0.001,0,0.001,0.025,0.026,0.051
136.5,0,0,0,0,0,0,0,0.001,0,0.001,0.025,0.026,0.051
136.6,0,0,0,0,0,0,0,0.001,0,0.001,0.025,0.025,0.051
136.7,0,0,0,0,0,0,0,0.001,0,0.001,0.025,0.025,0.05
136.8,0,0,0,0,0,0,0,0.001,0,0.001,0.024,0.025,0.05
136.9,0,0,0,0,0,0,0,0.001,0,0.001,0.024,0.025,0.049
137,0,0,0,0,0,0,0,0.001,0,0.001,0.024,0.024,0.049
137.1,0,0,0,0,0,0,0,0.001,0,0.001,0.024,0.024,0.049
137.2,0,0,0,0,0,0,0,0.001,0,0.001,0.023,0.024,0.048
137.3,0,0,0,0,0,0,0,0.001,0,0.001,0.023,0.024,0.048
137.4,0,0,0,0,0,0,0,0.001,0,0.001,0.023,0.024,0.048
137.5,0,0,0,0,0,0,0,0.001,0,0.001,0.023,0.023,0.047
137.6,0,0,0,0,0,0,0,0.001,0,0.001,0.023,0.023,0.047
137.7,0,0,0,0,0,0,0,0.001,0,0.001,0.023,0.023,0.046
137.8,0,0,0,0,0,0,0,0.001,0,0.001,0.022,0.023,0.046
137.9,0,0,0,0,0,0,0,0.001,0,0.001,0.022,0.023,0.046
138,0,0,0,0,0,0,0,0.001,0,0.001,0.022,0.022,0.045
138.1,0,0,0,0,0,0,0,0.001,0,0.001,0.022,0.022,0.045
138.2,0,0,0,0,0,0,0,0.001,0,0.001,0.022,0.022,0.045
138.3,0,0,0,0,0,0,0,0.001,0,0.001,0.021,0.022,0.044
138.4,0,0,0,0,0,0,0,0.001,0,0.001,0.021,0.022,0.044
138.5,0,0,0,0,0,0,0,0.001,0,0.001,0.021,0.021,0.044
138.6,0,0,0,0,0,0,0,0.001,0,0.001,0.021,0.021,0.043
138.7,0,0,0,0,0,0,0,0.001,0,0,0.021,0.021,0.043
138.8,0,0,0,0,0,0,0,0.001,0,0,0.021,0.021,0.043
138.9,0,0,0,0,0,0,0,0.001,0,0,0.02,0.021,0.042
139,0,0,0,0,0,0,0,0.001,0,0,0.02,0.021,0.042
139.1,0,0,0,0,0,0,0,0.001,0,0,0.02,0.02,0.042
139.2,0,0,0,0,0,0,0,0.001,0,0,0.02,0.02,0.041
139.3,0,0,0,0,0,0,0,0.001,0,0,0.02,0.02,0.041
139.4,0,0,0,0,0,0,0,0.001,0,0,0.02,0.02,0.041
139.5,0,0,0,0,0,0,0,0.001,0,0,0.019,0.02,0.04
139.6,0,0,0,0,0,0,0,0.001,0,0,0.019,0.019,0.04
139.7,0,0,0,0,0,0,0,0.001,0,0,0.019,0.019,0.04
139.8,0,0,0,0,0,0,0,0.001,0,0,0.019,0.019,0.04
139.9,0,0,0,0,0,0,0,0.001,0,0,0.019,0.019,0.039
140,0,0,0,0,0,0,0,0.001,0,0,0.019,0.019,0.039
140.1,0,0,0,0,0,0,0,0.001,0,0,0.018,0.019,0.039
140.2,0,0,0,0,0,0,0,0.001,0,0,0.018,0.018,0.038
140.3,0,0,0,0,0,0,0,0.001,0,0,0.018,0.018,0.038
140.4,0,0,0,0,0,0,0,0.001,0,0,0.018,0.018,0.038
140.5,0,0,0,0,0,0,0,0.001,0,0,0.018,0.018,0.037
140.6,0,0,0,0,0,0,0,0.001,0,0,0.018,0.018,0.037
140.7,0,0,0,0,0,0,0,0,0,0,0.017,0.018,0.037
140.8,0,0,0,0,0,0,0,0,0,0,0.017,0.018,0.037
140.9,0,0,0,0,0,0,0,0,0,0,0.017,0.017,0.036
141,0,0,0,0,0,0,0,0,0,0,0.017,0.017,0.036
141.1,0,0,0,0,0,0,0,0,0,0,0.017,0.017,0.036
141.2,0,0,0,0,0,0,0,0,0,0,0.017,0.017,0.036
141.3,0,0,0,0,0,0,0,0,0,0,0.017,0.017,0.035
141.4,0,0,0,0,0,0,0,0,0,0,0.016,0.017,0.035
141.5,0,0,0,0,0,0,0,0,0,0,0.016,0.017,0.035
141.6,0,0,0,0,0,0,0,0,0,0,0.016,0.016,0.034
141.7,0,0,0,0,0,0,0,0,0,0,0.016,0.016,0.034
141.8,0,0,0,0,0,0,0,0,0,0,0.016,0.016,0.034
141.9,0,0,0,0,0,0,0,0,0,0,0.016,0.016,0.034
142,0,0,0,0,0,0,0,0,0,0,0.016,0.016,0.033
142.1,0,0,0,0,0,0,0,0,0,0,0.016,0.016,0.033
142.2,0,0,0,0,0,0,0,0,0,0,0.015,0.016,0.033
142.3,0,0,0,0,0,0,0,0,0,0,0.015,0.015,0.033
142.4,0,0,0,0,0,0,0,0,0,0,0.015,0.015,0.032
142.5,0,0,0,0,0,0,0,0,0,0,0.015,0.015,0.032
142.6,0,0,0,0,0,0,0,0,0,0,0.015,0.015,0.032
142.7,0,0,0,0,0,0,0,0,0,0,0.015,0.015,0.032
142.8,0,0,0,0,0,0,0,0,0,0,0.015,0.015,0.031
142.9,0,0,0,0,0,0,0,0,0,0,0.015,0.015,0.031
143,0,0,0,0,0,0,0,0,0,0,0.014,0.014,0.031
143.1,0,0,0,0,0,0,0,0,0,0,0.014,0.014,0.031
143.2,0,0,0,0,0,0,0,0,0,0,0.014,0.014,0.03
143.3,0,0,0,0,0,0,0,0,0,0,0.014,0.014,0.03
143.4,0,0,0,0,0,0,0,0,0,0,0.014,0.014,0.03
143.5,0,0,0,0,0,0,0,0,0,0,0.014,0.014,0.03
143.6,0,0,0,0,0,0,0,0,0,0,0.014,0.014,0.03
143.7,0,0,0,0,0,0,0,0,0,0,0.014,0.014,0.029
143.8,0,0,0,0,0,0,0,0,0,0,0.013,0.014,0.029
143.9,0,0,0,0,0,0,0,0,0,0,0.013,0.013,0.029
144,0,0,0,0,0,0,0,0,0,0,0.013,0.013,0.029
144.1,0,0,0,0,0,0,0,0,0,0,0.013,0.013,0.028
144.2,0,0,0,0,0,0,0,0,0,0,0.013,0.013,0.028
144.3,0,0,0,0,0,0,0,0,0,0,0.013,0.013,0.028
144.4,0,0,0,0,0,0,0,0,0,0,0.013,0.013,0.028
144.5,0,0,0,0,0,0,0,0,0,0,0.013,0.013,0.028
144.6,0,0,0,0,0,0,0,0,0,0,0.013,0.013,0.027
144.7,0,0,0,0,0,0,0,0,0,0,0.012,0.012,0.027
144.8,0,0,0,0,0,0,0,0,0,0,0.012,0.012,0.027
144.9,0,0,0,0,0,0,0,0,0,0,0.012,0.012,0.027
145,0,0,0,0,0,0,0,0,0,0,0.012,0.012,0.026
145.1,0,0,0,0,0,0,0,0,0,0,0.012,0.012,0.026
145.2,0,0,0,0,0,0,0,0,0,0,0.012,0.012,0.026
145.3,0,0,0,0,0,0,0,0,0,0,0.012,0.012,0.026
145.4,0,0,0,0,0,0,0,0,0,0,0.012,0.012,0.026
145.5,0,0,0,0,0,0,0,0,0,0,0.012,0.012,0.025
145.6,0,0,0,0,0,0,0,0,0,0,0.012,0.012,0.025
145.7,0,0,0,0,0,0,0,0,0,0,0.011,0.011,0.025
145.8,0,0,0,0,0,0,0,0,0,0,0.011,0.011,0.025
145.9,0,0,0,0,0,0,0,0,0,0,0.011,0.011,0.025
146,0,0,0,0,0,0,0,0,0,0,0.011,0.011,0.025
146.1,0,0,0,0,0,0,0,0,0,0,0.011,0.011,0.024
146.2,0,0,0,0,0,0,0,0,0,0,0.011,0.011,0.024
146.3,0,0,0,0,0,0,0,0,0,0,0.011,0.011,0.024
146.4,0,0,0,0,0,0,0,0,0,0,0.011,0.011,0.024
146.5,0,0,0,0,0,0,0,0,0,0,0.011,0.011,0.024
146.6,0,0,0,0,0,0,0,0,0,0,0.011,0.011,0.023
146.7,0,0,0,0,0,0,0,0,0,0,0.011,0.01,0.023
146.8,0,0,0,0,0,0,0,0,0,0,0.01,0.01,0.023
146.9,0,0,0,0,0,0,0,0,0,0,0.01,0.01,0.023
147,0,0,0,0,0,0,0,0,0,0,0.01,0.01,0.023
147.1,0,0,0,0,0,0,0,0,0,0,0.01,0.01,0.023
147.2,0,0,0,0,0,0,0,0,0,0,0.01,0.01,0.022
147.3,0,0,0,0,0,0,0,0,0,0,0.01,0.01,0.022
147.4,0,0,0,0,0,0,0,0,0,0,0.01,0.01,0.022
147.5,0,0,0,0,0,0,0,0,0,0,0.01,0.01,0.022
147.6,0,0,0,0,0,0,0,0,0,0,0.01,0.01,0.022
147.7,0,0,0,0,0,0,0,0,0,0,0.01,0.01,0.022
147.8,0,0,0,0,0,0,0,0,0,0,0.01,0.01,0.021
147.9,0,0,0,0,0,0,0,0,0,0,0.01,0.009,0.021
148,0,0,0,0,0,0,0,0,0,0,0.009,0.009,0.021
148.1,0,0,0,0,0,0,0,0,0,0,0.009,0.009,0.021
148.2,0,0,0,0,0,0,0,0,0,0,0.009,0.009,0.021
148.3,0,0,0,0,0,0,0,0,0,0,0.009,0.009,0.021
148.4,0,0,0,0,0,0,0,0,0,0,0.009,0.009,0.02
148.5,0,0,0,0,0,0,0,0,0,0,0.009,0.009,0.02
148.6,0,0,0,0,0,0,0,0,0,0,0.009,0.009,0.02
148.7,0,0,0,0,0,0,0,0,0,0,0.009,0.009,0.02
148.8,0,0,0,0,0,0,0,0,0,0,0.009,0.009,0.02
148.9,0,0,0,0,0,0,0,0,0,0,0.009,0.009,0.02
149,0,0,0,0,0,0,0,0,0,0,0.009,0.009,0.019
149.1,0,0,0,0,0,0,0,0,0,0,0.009,0.009,0.019
149.2,0,0,0,0,0,0,0,0,0,0,0.009,0.008,0.019
149.3,0,0,0,0,0,0,0,0,0,0,0.008,0.008,0.019
149.4,0,0,0,0,0,0,0,0,0,0,0.008,0.008,0.019
149.5,0,0,0,0,0,0,0,0,0,0,0.008,0.008,0.019
149.6,0,0,0,0,0,0,0,0,0,0,0.008,0.008,0.019
149.7,0,0,0,0,0,0,0,0,0,0,0.008,0.008,0.018
149.8,0,0,0,0,0,0,0,0,0,0,0.008,0.008,0.018
149.9,0,0,0,0,0,0,0,0,0,0,0.008,0.008,0.018
150,0,0,0,0,0,0,0,0,0,0,0.008,0.008,0.018
150.1,0,0,0,0,0,0,0,0,0,0,0.008,0.008,0.018
150.2,0,0,0,0,0,0,0,0,0,0,0.008,0.008,0.018
150.3,0,0,0,0,0,0,0,0,0,0,0.008,0.008,0.018
150.4,0,0,0,0,0,0,0,0,0,0,0.008,0.008,0.017
150.5,0,0,0,0,0,0,0,0,0,0,0.008,0.008,0.017
150.6,0,0,0,0,0,0,0,0,0,0,0.008,0.007,0.017
150.7,0,0,0,0,0,0,0,0,0,0,0.008,0.007,0.017
150.8,0,0,0,0,0,0,0,0,0,0,0.007,0.007,0.017
150.9,0,0,0,0,0,0,0,0,0,0,0.007,0.007,0.017
151,0,0,0,0,0,0,0,0,0,0,0.007,0.007,0.017
151.1,0,0,0,0,0,0,0,0,0,0,0.007,0.007,0.017
151.2,0,0,0,0,0,0,0,0,0,0,0.007,0.007,0.016
151.3,0,0,0,0,0,0,0,0,0,0,0.007,0.007,0.016
151.4,0,0,0,0,0,0,0,0,0,0,0.007,0.007,0.016
151.5,0,0,0,0,0,0,0,0,0,0,0.007,0.007,0.016
151.6,0,0,0,0,0,0,0,0,0,0,0.007,0.007,0.016
151.7,0,0,0,0,0,0,0,0,0,0,0.007,0.007,0.016
151.8,0,0,0,0,0,0,0,0,0,0,0.007,0.007,0.016
151.9,0,0,0,0,0,0,0,0,0,0,0.007,0.007,0.016
152,0,0,0,0,0,0,0,0,0,0,0.007,0.007,0.015
152.1,0,0,0,0,0,0,0,0,0,0,0.007,0.007,0.015
152.2,0,0,0,0,0,0,0,0,0,0,0.007,0.006,0.015
152.3,0,0,0,0,0,0,0,0,0,0,0.007,0.006,0.015
152.4,0,0,0,0,0,0,0,0,0,0,0.006,0.006,0.015
152.5,0,0,0,0,0,0,0,0,0,0,0.006,0.006,0.015
152.6,0,0,0,0,0,0,0,0,0,0,0.006,0.006,0.015
152.7,0,0,0,0,0,0,0,0,0,0,0.006,0.006,0.015
152.8,0,0,0,0,0,0,0,0,0,0,0.006,0.006,0.015
152.9,0,0,0,0,0,0,0,0,0,0,0.006,0.006,0.014
153,0,0,0,0,0,0,0,0,0,0,0.006,0.006,0.014
153.1,0,0,0,0,0,0,0,0,0,0,0.006,0.006,0.014
153.2,0,0,0,0,0,0,0,0,0,0,0.006,0.006,0.014
153.3,0,0,0,0,0,0,0,0,0,0,0.006,0.006,0.014
153.4,0,0,0,0,0,0,0,0,0,0,0.006,0.006,0.014
153.5,0,0,0,0,0,0,0,0,0,0,0.006,0.006,0.014
153.6,0,0,0,0,0,0,0,0,0,0,0.006,0.006,0.014
153.7,0,0,0,0,0,0,0,0,0,0,0.006,0.006,0.014
153.8,0,0,0,0,0,0,0,0,0,0,0.006,0.006,0.013
153.9,0,0,0,0,0,0,0,0,0,0,0.006,0.006,0.013
154,0,0,0,0,0,0,0,0,0,0,0.006,0.006,0.013
154.1,0,0,0,0,0,0,0,0,0,0,0.006,0.006,0.013
154.2,0,0,0,0,0,0,0,0,0,0,0.006,0.005,0.013
154.3,0,0,0,0,0,0,0,0,0,0,0.006,0.005,0.013
154.4,0,0,0,0,0,0,0,0,0,0,0.005,0.005,0.013
154.5,0,0,0,0,0,0,0,0,0,0,0.005,0.005,0.013
154.6,0,0,0,0,0,0,0,0,0,0,0.005,0.005,0.013
154.7,0,0,0,0,0,0,0,0,0,0,0.005,0.005,0.013
154.8,0,0,0,0,0,0,0,0,0,0,0.005,0.005,0.012
154.9,0,0,0,0,0,0,0,0,0,0,0.005,0.005,0.012
155,0,0,0,0,0,0,0,0,0,0,0.005,0.005,0.012
155.1,0,0,0,0,0,0,0,0,0,0,0.005,0.005,0.012
155.2,0,0,0,0,0,0,0,0,0,0,0.005,0.005,0.012
155.3,0,0,0,0,0,0,0,0,0,0,0.005,0.005,0.012
155.4,0,0,0,0,0,0,0,0,0,0,0.005,0.005,0.012
155.5,0,0,0,0,0,0,0,0,0,0,0.005,0.005,0.012
155.6,0,0,0,0,0,0,0,0,0,0,0.005,0.005,0.012
155.7,0,0,0,0,0,0,0,0,0,0,0.005,0.005,0.012
155.8,0,0,0,0,0,0,0,0,0,0,0.005,0.005,0.012
155.9,0,0,0,0,0,0,0,0,0,0,0.005,0.005,0.011
156,0,0,0,0,0,0,0,0,0,0,0.005,0.005,0.011
156.1,0,0,0,0,0,0,0,0,0,0,0.005,0.005,0.011
156.2,0,0,0,0,0,0,0,0,0,0,0.005,0.005,0.011
156.3,0,0,0,0,0,0,0,0,0,0,0.005,0.005,0.011
156.4,0,0,0,0,0,0,0,0,0,0,0.005,0.005,0.011
156.5,0,0,0,0,0,0,0,0,0,0,0.005,0.004,0.011
156.6,0,0,0,0,0,0,0,0,0,0,0.005,0.004,0.011
156.7,0,0,0,0,0,0,0,0,0,0,0.005,0.004,0.011
156.8,0,0,0,0,0,0,0,0,0,0,0.004,0.004,0.011
156.9,0,0,0,0,0,0,0,0,0,0,0.004,0.004,0.011
157,0,0,0,0,0,0,0,0,0,0,0.004,0.004,0.011
157.1,0,0,0,0,0,0,0,0,0,0,0.004,0.004,0.01
157.2,0,0,0,0,0,0,0,0,0,0,0.004,0.004,0.01
157.3,0,0,0,0,0,0,0,0,0,0,0.004,0.004,0.01
157.4,0,0,0,0,0,0,0,0,0,0,0.004,0.004,0.01
157.5,0,0,0,0,0,0,0,0,0,0,0.004,0.004,0.01
157.6,0,0,0,0,0,0,0,0,0,0,0.004,0.004,0.01
157.7,0,0,0,0,0,0,0,0,0,0,0.004,0.004,0.01
157.8,0,0,0,0,0,0,0,0,0,0,0.004,0.004,0.01
157.9,0,0,0,0,0,0,0,0,0,0,0.004,0.004,0.01
158,0,0,0,0,0,0,0,0,0,0,0.004,0.004,0.01
158.1,0,0,0,0,0,0,0,0,0,0,0.004,0.004,0.01
158.2,0,0,0,0,0,0,0,0,0,0,0.004,0.004,0.01
158.3,0,0,0,0,0,0,0,0,0,0,0.004,0.004,0.01
158.4,0,0,0,0,0,0,0,0,0,0,0.004,0.004,0.009
158.5,0,0,0,0,0,0,0,0,0,0,0.004,0.004,0.009
158.6,0,0,0,0,0,0,0,0,0,0,0.004,0.004,0.009
158.7,0,0,0,0,0,0,0,0,0,0,0.004,0.004,0.009
158.8,0,0,0,0,0,0,0,0,0,0,0.004,0.004,0.009
158.9,0,0,0,0,0,0,0,0,0,0,0.004,0.004,0.009
159,0,0,0,0,0,0,0,0,0,0,0.004,0.004,0.009
159.1,0,0,0,0,0,0,0,0,0,0,0.004,0.004,0.009
159.2,0,0,0,0,0,0,0,0,0,0,0.004,0.004,0.009
159.3,0,0,0,0,0,0,0,0,0,0,0.004,0.004,0.009
159.4,0,0,0,0,0,0,0,0,0,0,0.004,0.003,0.009
159.5,0,0,0,0,0,0,0,0,0,0,0.004,0.003,0.009
159.6,0,0,0,0,0,0,0,0,0,0,0.004,0.003,0.009
159.7,0,0,0,0,0,0,0,0,0,0,0.004,0.003,0.009
159.8,0,0,0,0,0,0,0,0,0,0,0.003,0.003,0.008
159.9,0,0,0,0,0,0,0,0,0,0,0.003,0.003,0.008
160,0,0,0,0,0,0,0,0,0,0,0.003,0.003,0.008
160.1,0,0,0,0,0,0,0,0,0,0,0.003,0.003,0.008
160.2,0,0,0,0,0,0,0,0,0,0,0.003,0.003,0.008
160.3,0,0,0,0,0,0,0,0,0,0,0.003,0.003,0.008
160.4,0,0,0,0,0,0,0,0,0,0,0.003,0.003,0.008
160.5,0,0,0,0,0,0,0,0,0,0,0.003,0.003,0.008
160.6,0,0,0,0,0,0,0,0,0,0,0.003,0.003,0.008
160.7,0,0,0,0,0,0,0,0,0,0,0.003,0.003,0.008
160.8,0,0,0,0,0,0,0,0,0,0,0.003,0.003,0.008
160.9,0,0,0,0,0,0,0,0,0,0,0.003,0.003,0.008
161,0,0,0,0,0,0,0,0,0,0,0.003,0.003,0.008
161.1,0,0,0,0,0,0,0,0,0,0,0.003,0.003,0.008
161.2,0,0,0,0,0,0,0,0,0,0,0.003,0.003,0.008
161.3,0,0,0,0,0,0,0,0,0,0,0.003,0.003,0.008
161.4,0,0,0,0,0,0,0,0,0,0,0.003,0.003,0.007
161.5,0,0,0,0,0,0,0,0,0,0,0.003,0.003,0.007
161.6,0,0,0,0,0,0,0,0,0,0,0.003,0.003,0.007
161.7,0,0,0,0,0,0,0,0,0,0,0.003,0.003,0.007
161.8,0,0,0,0,0,0,0,0,0,0,0.003,0.003,0.007
161.9,0,0,0,0,0,0,0,0,0,0,0.003,0.003,0.007
162,0,0,0,0,0,0,0,0,0,0,0.003,0.003,0.007
162.1,0,0,0,0,0,0,0,0,0,0,0.003,0.003,0.007
162.2,0,0,0,0,0,0,0,0,0,0,0.003,0.003,0.007
162.3,0,0,0,0,0,0,0,0,0,0,0.003,0.003,0.007
162.4,0,0,0,0,0,0,0,0,0,0,0.003,0.003,0.007
162.5,0,0,0,0,0,0,0,0,0,0,0.003,0.003,0.007
162.6,0,0,0,0,0,0,0,0,0,0,0.003,0.003,0.007
162.7,0,0,0,0,0,0,0,0,0,0,0.003,0.003,0.007
162.8,0,0,0,0,0,0,0,0,0,0,0.003,0.003,0.007
162.9,0,0,0,0,0,0,0,0,0,0,0.003,0.003,0.007
163,0,0,0,0,0,0,0,0,0,0,0.003,0.003,0.007
163.1,0,0,0,0,0,0,0,0,0,0,0.003,0.003,0.007
163.2,0,0,0,0,0,0,0,0,0,0,0.003,0.002,0.007
163.3,0,0,0,0,0,0,0,0,0,0,0.003,0.002,0.006
163.4,0,0,0,0,0,0,0,0,0,0,0.003,0.002,0.006
163.5,0,0,0,0,0,0,0,0,0,0,0.003,0.002,0.006
163.6,0,0,0,0,0,0,0,0,0,0,0.003,0.002,0.006
163.7,0,0,0,0,0,0,0,0,0,0,0.002,0.002,0.006
163.8,0,0,0,0,0,0,0,0,0,0,0.002,0.002,0.006
163.9,0,0,0,0,0,0,0,0,0,0,0.002,0.002,0.006
164,0,0,0,0,0,0,0,0,0,0,0.002,0.002,0.006
164.1,0,0,0,0,0,0,0,0,0,0,0.002,0.002,0.006
164.2,0,0,0,0,0,0,0,0,0,0,0.002,0.002,0.006
164.3,0,0,0,0,0,0,0,0,0,0,0.002,0.002,0.006
164.4,0,0,0,0,0,0,0,0,0,0,0.002,0.002,0.006
164.5,0,0,0,0,0,0,0,0,0,0,0.002,0.002,0.006
164.6,0,0,0,0,0,0,0,0,0,0,0.002,0.002,0.006
164.7,0,0,0,0,0,0,0,0,0,0,0.002,0.002,0.006
164.8,0,0,0,0,0,0,0,0,0,0,0.002,0.002,0.006
164.9,0,0,0,0,0,0,0,0,0,0,0.002,0.002,0.006
165,0,0,0,0,0,0,0,0,0,0,0.002,0.002,0.006
165.1,0,0,0,0,0,0,0,0,0,0,0.002,0.002,0.006
165.2,0,0,0,0,0,0,0,0,0,0,0.002,0.002,0.006
165.3,0,0,0,0,0,0,0,0,0,0,0.002,0.002,0.006
165.4,0,0,0,0,0,0,0,0,0,0,0.002,0.002,0.006
165.5,0,0,0,0,0,0,0,0,0,0,0.002,0.002,0.005
165.6,0,0,0,0,0,0,0,0,0,0,0.002,0.002,0.005
165.7,0,0,0,0,0,0,0,0,0,0,0.002,0.002,0.005
165.8,0,0,0,0,0,0,0,0,0,0,0.002,0.002,0.005
165.9,0,0,0,0,0,0,0,0,0,0,0.002,0.002,0.005
166,0,0,0,0,0,0,0,0,0,0,0.002,0.002,0.005
166.1,0,0,0,0,0,0,0,0,0,0,0.002,0.002,0.005
166.2,0,0,0,0,0,0,0,0,0,0,0.002,0.002,0.005
166.3,0,0,0,0,0,0,0,0,0,0,0.002,0.002,0.005
166.4,0,0,0,0,0,0,0,0,0,0,0.002,0.002,0.005
166.5,0,0,0,0,0,0,0,0,0,0,0.002,0.002,0.005
166.6,0,0,0,0,0,0,0,0,0,0,0.002,0.002,0.005
166.7,0,0,0,0,0,0,0,0,0,0,0.002,0.002,0.005
166.8,0,0,0,0,0,0,0,0,0,0,0.002,0.002,0.005
166.9,0,0,0,0,0,0,0,0,0,0,0.002,0.002,0.005
167,0,0,0,0,0,0,0,0,0,0,0.002,0.002,0.005
167.1,0,0,0,0,0,0,0,0,0,0,0.002,0.002,0.005
167.2,0,0,0,0,0,0,0,0,0,0,0.002,0.002,0.005
167.3,0,0,0,0,0,0,0,0,0,0,0.002,0.002,0.005
167.4,0,0,0,0,0,0,0,0,0,0,0.002,0.002,0.005
167.5,0,0,0,0,0,0,0,0,0,0,0.002,0.002,0.005
167.6,0,0,0,0,0,0,0,0,0,0,0.002,0.002,0.005
167.7,0,0,0,0,0,0,0,0,0,0,0.002,0.002,0.005
167.8,0,0,0,0,0,0,0,0,0,0,0.002,0.002,0.005
167.9,0,0,0,0,0,0,0,0,0,0,0.002,0.002,0.005
168,0,0,0,0,0,0,0,0,0,0,0.002,0.002,0.005
168.1,0,0,0,0,0,0,0,0,0,0,0.002,0.002,0.004
168.2,0,0,0,0,0,0,0,0,0,0,0.002,0.002,0.004
168.3,0,0,0,0,0,0,0,0,0,0,0.002,0.002,0.004
168.4,0,0,0,0,0,0,0,0,0,0,0.002,0.002,0.004
168.5,0,0,0,0,0,0,0,0,0,0,0.002,0.002,0.004
168.6,0,0,0,0,0,0,0,0,0,0,0.002,0.002,0.004
168.7,0,0,0,0,0,0,0,0,0,0,0.002,0.002,0.004
168.8,0,0,0,0,0,0,0,0,0,0,0.002,0.002,0.004
168.9,0,0,0,0,0,0,0,0,0,0,0.002,0.002,0.004
169,0,0,0,0,0,0,0,0,0,0,0.002,0.002,0.004
169.1,0,0,0,0,0,0,0,0,0,0,0.002,0.001,0.004
169.2,0,0,0,0,0,0,0,0,0,0,0.002,0.001,0.004
169.3,0,0,0,0,0,0,0,0,0,0,0.002,0.001,0.004
169.4,0,0,0,0,0,0,0,0,0,0,0.002,0.001,0.004
169.5,0,0,0,0,0,0,0,0,0,0,0.002,0.001,0.004
169.6,0,0,0,0,0,0,0,0,0,0,0.002,0.001,0.004
169.7,0,0,0,0,0,0,0,0,0,0,0.002,0.001,0.004
169.8,0,0,0,0,0,0,0,0,0,0,0.001,0.001,0.004
169.9,0,0,0,0,0,0,0,0,0,0,0.001,0.001,0.004
170,0,0,0,0,0,0,0,0,0,0,0.001,0.001,0.004
170.1,0,0,0,0,0,0,0,0,0,0,0.001,0.001,0.004
170.2,0,0,0,0,0,0,0,0,0,0,0.001,0.001,0.004
170.3,0,0,0,0,0,0,0,0,0,0,0.001,0.001,0.004
170.4,0,0,0,0,0,0,0,0,0,0,0.001,0.001,0.004
170.5,0,0,0,0,0,0,0,0,0,0,0.001,0.001,0.004
170.6,0,0,0,0,0,0,0,0,0,0,0.001,0.001,0.004
170.7,0,0,0,0,0,0,0,0,0,0,0.001,0.001,0.004
170.8,0,0,0,0,0,0,0,0,0,0,0.001,0.001,0.004
170.9,0,0,0,0,0,0,0,0,0,0,0.001,0.001,0.004
171,0,0,0,0,0,0,0,0,0,0,0.001,0.001,0.004
171.1,0,0,0,0,0,0,0,0,0,0,0.001,0.001,0.004
171.2,0,0,0,0,0,0,0,0,0,0,0.001,0.001,0.004
171.3,0,0,0,0,0,0,0,0,0,0,0.001,0.001,0.003
171.4,0,0,0,0,0,0,0,0,0,0,0.001,0.001,0.003
171.5,0,0,0,0,0,0,0,0,0,0,0.001,0.001,0.003
171.6,0,0,0,0,0,0,0,0,0,0,0.001,0.001,0.003
171.7,0,0,0,0,0,0,0,0,0,0,0.001,0.001,0.003
171.8,0,0,0,0,0,0,0,0,0,0,0.001,0.001,0.003
171.9,0,0,0,0,0,0,0,0,0,0,0.001,0.001,0.003
172,0,0,0,0,0,0,0,0,0,0,0.001,0.001,0.003
172.1,0,0,0,0,0,0,0,0,0,0,0.001,0.001,0.003
172.2,0,0,0,0,0,0,0,0,0,0,0.001,0.001,0.003
172.3,0,0,0,0,0,0,0,0,0,0,0.001,0.001,0.003
172.4,0,0,0,0,0,0,0,0,0,0,0.001,0.001,0.003
172.5,0,0,0,0,0,0,0,0,0,0,0.001,0.001,0.003
172.6,0,0,0,0,0,0,0,0,0,0,0.001,0.001,0.003
172.7,0,0,0,0,0,0,0,0,0,0,0.001,0.001,0.003
172.8,0,0,0,0,0,0,0,0,0,0,0.001,0.001,0.003
172.9,0,0,0,0,0,0,0,0,0,0,0.001,0.001,0.003
173,0,0,0,0,0,0,0,0,0,0,0.001,0.001,0.003
173.1,0,0,0,0,0,0,0,0,0,0,0.001,0.001,0.003
173.2,0,0,0,0,0,0,0,0,0,0,0.001,0.001,0.003
173.3,0,0,0,0,0,0,0,0,0,0,0.001,0.001,0.003
173.4,0,0,0,0,0,0,0,0,0,0,0.001,0.001,0.003
173.5,0,0,0,0,0,0,0,0,0,0,0.001,0.001,0.003
173.6,0,0,0,0,0,0,0,0,0,0,0.001,0.001,0.003
173.7,0,0,0,0,0,0,0,0,0,0,0.001,0.001,0.003
173.8,0,0,0,0,0,0,0,0,0,0,0.001,0.001,0.003
173.9,0,0,0,0,0,0,0,0,0,0,0.001,0.001,0.003
174,0,0,0,0,0,0,0,0,0,0,0.001,0.001,0.003
174.1,0,0,0,0,0,0,0,0,0,0,0.001,0.001,0.003
174.2,0,0,0,0,0,0,0,0,0,0,0.001,0.001,0.003
174.3,0,0,0,0,0,0,0,0,0,0,0.001,0.001,0.003
174.4,0,0,0,0,0,0,0,0,0,0,0.001,0.001,0.003
174.5,0,0,0,0,0,0,0,0,0,0,0.001,0.001,0.003
174.6,0,0,0,0,0,0,0,0,0,0,0.001,0.001,0.003
174.7,0,0,0,0,0,0,0,0,0,0,0.001,0.001,0.003
174.8,0,0,0,0,0,0,0,0,0,0,0.001,0.001,0.003
174.9,0,0,0,0,0,0,0,0,0,0,0.001,0.001,0.003
175,0,0,0,0,0,0,0,0,0,0,0.001,0.001,0.003
175.1,0,0,0,0,0,0,0,0,0,0,0.001,0.001,0.003
175.2,0,0,0,0,0,0,0,0,0,0,0.001,0.001,0.003
175.3,0,0,0,0,0,0,0,0,0,0,0.001,0.001,0.003
175.4,0,0,0,0,0,0,0,0,0,0,0.001,0.001,0.003
175.5,0,0,0,0,0,0,0,0,0,0,0.001,0.001,0.003
175.6,0,0,0,0,0,0,0,0,0,0,0.001,0.001,0.003
175.7,0,0,0,0,0,0,0,0,0,0,0.001,0.001,0.002
175.8,0,0,0,0,0,0,0,0,0,0,0.001,0.001,0.002
175.9,0,0,0,0,0,0,0,0,0,0,0.001,0.001,0.002
176,0,0,0,0,0,0,0,0,0,0,0.001,0.001,0.002
176.1,0,0,0,0,0,0,0,0,0,0,0.001,0.001,0.002
176.2,0,0,0,0,0,0,0,0,0,0,0.001,0.001,0.002
176.3,0,0,0,0,0,0,0,0,0,0,0.001,0.001,0.002
176.4,0,0,0,0,0,0,0,0,0,0,0.001,0.001,0.002
176.5,0,0,0,0,0,0,0,0,0,0,0.001,0.001,0.002
176.6,0,0,0,0,0,0,0,0,0,0,0.001,0.001,0.002
176.7,0,0,0,0,0,0,0,0,0,0,0.001,0.001,0.002
176.8,0,0,0,0,0,0,0,0,0,0,0.001,0.001,0.002
176.9,0,0,0,0,0,0,0,0,0,0,0.001,0.001,0.002
177,0,0,0,0,0,0,0,0,0,0,0.001,0.001,0.002
177.1,0,0,0,0,0,0,0,0,0,0,0.001,0.001,0.002
177.2,0,0,0,0,0,0,0,0,0,0,0.001,0.001,0.002
177.3,0,0,0,0,0,0,0,0,0,0,0.001,0.001,0.002
177.4,0,0,0,0,0,0,0,0,0,0,0.001,0.001,0.002
177.5,0,0,0,0,0,0,0,0,0,0,0.001,0.001,0.002
177.6,0,0,0,0,0,0,0,0,0,0,0.001,0.001,0.002
177.7,0,0,0,0,0,0,0,0,0,0,0.001,0.001,0.002
177.8,0,0,0,0,0,0,0,0,0,0,0.001,0.001,0.002
177.9,0,0,0,0,0,0,0,0,0,0,0.001,0.001,0.002
178,0,0,0,0,0,0,0,0,0,0,0.001,0.001,0.002
178.1,0,0,0,0,0,0,0,0,0,0,0.001,0.001,0.002
178.2,0,0,0,0,0,0,0,0,0,0,0.001,0.001,0.002
178.3,0,0,0,0,0,0,0,0,0,0,0.001,0.001,0.002
178.4,0,0,0,0,0,0,0,0,0,0,0.001,0.001,0.002
178.5,0,0,0,0,0,0,0,0,0,0,0.001,0.001,0.002
178.6,0,0,0,0,0,0,0,0,0,0,0.001,0.001,0.002
178.7,0,0,0,0,0,0,0,0,0,0,0.001,0.001,0.002
178.8,0,0,0,0,0,0,0,0,0,0,0.001,0.001,0.002
178.9,0,0,0,0,0,0,0,0,0,0,0.001,0.001,0.002
179,0,0,0,0,0,0,0,0,0,0,0.001,0.001,0.002
179.1,0,0,0,0,0,0,0,0,0,0,0.001,0.001,0.002
179.2,0,0,0,0,0,0,0,0,0,0,0.001,0.001,0.002
179.3,0,0,0,0,0,0,0,0,0,0,0.001,0.001,0.002
179.4,0,0,0,0,0,0,0,0,0,0,0.001,0.001,0.002
179.5,0,0,0,0,0,0,0,0,0,0,0.001,0.001,0.002
179.6,0,0,0,0,0,0,0,0,0,0,0.001,0.001,0.002
179.7,0,0,0,0,0,0,0,0,0,0,0.001,0.001,0.002
179.8,0,0,0,0,0,0,0,0,0,0,0.001,0.001,0.002
179.9,0,0,0,0,0,0,0,0,0,0,0.001,0.001,0.002
180,0,0,0,0,0,0,0,0,0,0,0.001,0.001,0.002
180.1,0,0,0,0,0,0,0,0,0,0,0.001,0.001,0.002
180.2,0,0,0,0,0,0,0,0,0,0,0.001,0.001,0.002
180.3,0,0,0,0,0,0,0,0,0,0,0.001,0.001,0.002
180.4,0,0,0,0,0,0,0,0,0,0,0.001,0.001,0.002
180.5,0,0,0,0,0,0,0,0,0,0,0.001,0.001,0.002
180.6,0,0,0,0,0,0,0,0,0,0,0.001,0.001,0.002
180.7,0,0,0,0,0,0,0,0,0,0,0.001,0.001,0.002
180.8,0,0,0,0,0,0,0,0,0,0,0.001,0.001,0.002
180.9,0,0,0,0,0,0,0,0,0,0,0.001,0.001,0.002
181,0,0,0,0,0,0,0,0,0,0,0.001,0.001,0.002
181.1,0,0,0,0,0,0,0,0,0,0,0.001,0.001,0.002
181.2,0,0,0,0,0,0,0,0,0,0,0.001,0.001,0.002
181.3,0,0,0,0,0,0,0,0,0,0,0.001,0.001,0.002
181.4,0,0,0,0,0,0,0,0,0,0,0.001,0.001,0.002
181.5,0,0,0,0,0,0,0,0,0,0,0.001,0.001,0.002
181.6,0,0,0,0,0,0,0,0,0,0,0.001,0.001,0.002
181.7,0,0,0,0,0,0,0,0,0,0,0.001,0,0.002
181.8,0,0,0,0,0,0,0,0,0,0,0.001,0,0.002
181.9,0,0,0,0,0,0,0,0,0,0,0.001,0,0.002
182,0,0,0,0,0,0,0,0,0,0,0.001,0,0.002
182.1,0,0,0,0,0,0,0,0,0,0,0.001,0,0.002
182.2,0,0,0,0,0,0,0,0,0,0,0.001,0,0.002
182.3,0,0,0,0,0,0,0,0,0,0,0.001,0,0.001
182.4,0,0,0,0,0,0,0,0,0,0,0.001,0,0.001
182.5,0,0,0,0,0,0,0,0,0,0,0.001,0,0.001
182.6,0,0,0,0,0,0,0,0,0,0,0.001,0,0.001
182.7,0,0,0,0,0,0,0,0,0,0,0.001,0,0.001
182.8,0,0,0,0,0,0,0,0,0,0,0,0,0.001
182.9,0,0,0,0,0,0,0,0,0,0,0,0,0.001
183,0,0,0,0,0,0,0,0,0,0,0,0,0.001
183.1,0,0,0,0,0,0,0,0,0,0,0,0,0.001
183.2,0,0,0,0,0,0,0,0,0,0,0,0,0.001
183.3,0,0,0,0,0,0,0,0,0,0,0,0,0.001
183.4,0,0,0,0,0,0,0,0,0,0,0,0,0.001
183.5,0,0,0,0,0,0,0,0,0,0,0,0,0.001
183.6,0,0,0,0,0,0,0,0,0,0,0,0,0.001
183.7,0,0,0,0,0,0,0,0,0,0,0,0,0.001
183.8,0,0,0,0,0,0,0,0,0,0,0,0,0.001
183.9,0,0,0,0,0,0,0,0,0,0,0,0,0.001
184,0,0,0,0,0,0,0,0,0,0,0,0,0.001
184.1,0,0,0,0,0,0,0,0,0,0,0,0,0.001
184.2,0,0,0,0,0,0,0,0,0,0,0,0,0.001
184.3,0,0,0,0,0,0,0,0,0,0,0,0,0.001
184.4,0,0,0,0,0,0,0,0,0,0,0,0,0.001
184.5,0,0,0,0,0,0,0,0,0,0,0,0,0.001
184.6,0,0,0,0,0,0,0,0,0,0,0,0,0.001
184.7,0,0,0,0,0,0,0,0,0,0,0,0,0.001
184.8,0,0,0,0,0,0,0,0,0,0,0,0,0.001
184.9,0,0,0,0,0,0,0,0,0,0,0,0,0.001
185,0,0,0,0,0,0,0,0,0,0,0,0,0.001
185.1,0,0,0,0,0,0,0,0,0,0,0,0,0.001
185.2,0,0,0,0,0,0,0,0,0,0,0,0,0.001
185.3,0,0,0,0,0,0,0,0,0,0,0,0,0.001
185.4,0,0,0,0,0,0,0,0,0,0,0,0,0.001
185.5,0,0,0,0,0,0,0,0,0,0,0,0,0.001
185.6,0,0,0,0,0,0,0,0,0,0,0,0,0.001
185.7,0,0,0,0,0,0,0,0,0,0,0,0,0.001
185.8,0,0,0,0,0,0,0,0,0,0,0,0,0.001
185.9,0,0,0,0,0,0,0,0,0,0,0,0,0.001
186,0,0,0,0,0,0,0,0,0,0,0,0,0.001
186.1,0,0,0,0,0,0,0,0,0,0,0,0,0.001
186.2,0,0,0,0,0,0,0,0,0,0,0,0,0.001
186.3,0,0,0,0,0,0,0,0,0,0,0,0,0.001
186.4,0,0,0,0,0,0,0,0,0,0,0,0,0.001
186.5,0,0,0,0,0,0,0,0,0,0,0,0,0.001
186.6,0,0,0,0,0,0,0,0,0,0,0,0,0.001
186.7,0,0,0,0,0,0,0,0,0,0,0,0,0.001
186.8,0,0,0,0,0,0,0,0,0,0,0,0,0.001
186.9,0,0,0,0,0,0,0,0,0,0,0,0,0.001
187,0,0,0,0,0,0,0,0,0,0,0,0,0.001
187.1,0,0,0,0,0,0,0,0,0,0,0,0,0.001
187.2,0,0,0,0,0,0,0,0,0,0,0,0,0.001
187.3,0,0,0,0,0,0,0,0,0,0,0,0,0.001
187.4,0,0,0,0,0,0,0,0,0,0,0,0,0.001
187.5,0,0,0,0,0,0,0,0,0,0,0,0,0.001
187.6,0,0,0,0,0,0,0,0,0,0,0,0,0.001
187.7,0,0,0,0,0,0,0,0,0,0,0,0,0.001
187.8,0,0,0,0,0,0,0,0,0,0,0,0,0.001
187.9,0,0,0,0,0,0,0,0,0,0,0,0,0.001
188,0,0,0,0,0,0,0,0,0,0,0,0,0.001
188.1,0,0,0,0,0,0,0,0,0,0,0,0,0.001
188.2,0,0,0,0,0,0,0,0,0,0,0,0,0.001
188.3,0,0,0,0,0,0,0,0,0,0,0,0,0.001
188.4,0,0,0,0,0,0,0,0,0,0,0,0,0.001
188.5,0,0,0,0,0,0,0,0,0,0,0,0,0.001
188.6,0,0,0,0,0,0,0,0,0,0,0,0,0.001
188.7,0,0,0,0,0,0,0,0,0,0,0,0,0.001
188.8,0,0,0,0,0,0,0,0,0,0,0,0,0.001
188.9,0,0,0,0,0,0,0,0,0,0,0,0,0.001
189,0,0,0,0,0,0,0,0,0,0,0,0,0.001
189.1,0,0,0,0,0,0,0,0,0,0,0,0,0.001
189.2,0,0,0,0,0,0,0,0,0,0,0,0,0.001
189.3,0,0,0,0,0,0,0,0,0,0,0,0,0.001
189.4,0,0,0,0,0,0,0,0,0,0,0,0,0.001
189.5,0,0,0,0,0,0,0,0,0,0,0,0,0.001
189.6,0,0,0,0,0,0,0,0,0,0,0,0,0.001
189.7,0,0,0,0,0,0,0,0,0,0,0,0,0.001
189.8,0,0,0,0,0,0,0,0,0,0,0,0,0.001
189.9,0,0,0,0,0,0,0,0,0,0,0,0,0.001
190,0,0,0,0,0,0,0,0,0,0,0,0,0.001
190.1,0,0,0,0,0,0,0,0,0,0,0,0,0.001
190.2,0,0,0,0,0,0,0,0,0,0,0,0,0.001
190.3,0,0,0,0,0,0,0,0,0,0,0,0,0.001
190.4,0,0,0,0,0,0,0,0,0,0,0,0,0.001
190.5,0,0,0,0,0,0,0,0,0,0,0,0,0.001
190.6,0,0,0,0,0,0,0,0,0,0,0,0,0.001
190.7,0,0,0,0,0,0,0,0,0,0,0,0,0.001
190.8,0,0,0,0,0,0,0,0,0,0,0,0,0.001
190.9,0,0,0,0,0,0,0,0,0,0,0,0,0.001
191,0,0,0,0,0,0,0,0,0,0,0,0,0.001
191.1,0,0,0,0,0,0,0,0,0,0,0,0,0.001
191.2,0,0,0,0,0,0,0,0,0,0,0,0,0.001
191.3,0,0,0,0,0,0,0,0,0,0,0,0,0.001
191.4,0,0,0,0,0,0,0,0,0,0,0,0,0.001
191.5,0,0,0,0,0,0,0,0,0,0,0,0,0.001
191.6,0,0,0,0,0,0,0,0,0,0,0,0,0.001
191.7,0,0,0,0,0,0,0,0,0,0,0,0,0.001
191.8,0,0,0,0,0,0,0,0,0,0,0,0,0.001
191.9,0,0,0,0,0,0,0,0,0,0,0,0,0.001
192,0,0,0,0,0,0,0,0,0,0,0,0,0.001
192.1,0,0,0,0,0,0,0,0,0,0,0,0,0.001
192.2,0,0,0,0,0,0,0,0,0,0,0,0,0.001
192.3,0,0,0,0,0,0,0,0,0,0,0,0,0.001
192.4,0,0,0,0,0,0,0,0,0,0,0,0,0.001
192.5,0,0,0,0,0,0,0,0,0,0,0,0,0.001
192.6,0,0,0,0,0,0,0,0,0,0,0,0,0.001
192.7,0,0,0,0,0,0,0,0,0,0,0,0,0.001
192.8,0,0,0,0,0,0,0,0,0,0,0,0,0.001
192.9,0,0,0,0,0,0,0,0,0,0,0,0,0.001
193,0,0,0,0,0,0,0,0,0,0,0,0,0.001
193.1,0,0,0,0,0,0,0,0,0,0,0,0,0.001
193.2,0,0,0,0,0,0,0,0,0,0,0,0,0.001
193.3,0,0,0,0,0,0,0,0,0,0,0,0,0.001
193.4,0,0,0,0,0,0,0,0,0,0,0,0,0.001
193.5,0,0,0,0,0,0,0,0,0,0,0,0,0.001
193.6,0,0,0,0,0,0,0,0,0,0,0,0,0.001
193.7,0,0,0,0,0,0,0,0,0,0,0,0,0.001
193.8,0,0,0,0,0,0,0,0,0,0,0,0,0.001
193.9,0,0,0,0,0,0,0,0,0,0,0,0,0.001
194,0,0,0,0,0,0,0,0,0,0,0,0,0.001
194.1,0,0,0,0,0,0,0,0,0,0,0,0,0.001
194.2,0,0,0,0,0,0,0,0,0,0,0,0,0.001
194.3,0,0,0,0,0,0,0,0,0,0,0,0,0.001
194.4,0,0,0,0,0,0,0,0,0,0,0,0,0.001
194.5,0,0,0,0,0,0,0,0,0,0,0,0,0.001
194.6,0,0,0,0,0,0,0,0,0,0,0,0,0.001
194.7,0,0,0,0,0,0,0,0,0,0,0,0,0.001
194.8,0,0,0,0,0,0,0,0,0,0,0,0,0.001
194.9,0,0,0,0,0,0,0,0,0,0,0,0,0.001
195,0,0,0,0,0,0,0,0,0,0,0,0,0.001
195.1,0,0,0,0,0,0,0,0,0,0,0,0,0.001
195.2,0,0,0,0,0,0,0,0,0,0,0,0,0.001
195.3,0,0,0,0,0,0,0,0,0,0,0,0,0.001
195.4,0,0,0,0,0,0,0,0,0,0,0,0,0.001
195.5,0,0,0,0,0,0,0,0,0,0,0,0,0.001
195.6,0,0,0,0,0,0,0,0,0,0,0,0,0.001
195.7,0,0,0,0,0,0,0,0,0,0,0,0,0.001
195.8,0,0,0,0,0,0,0,0,0,0,0,0,0.001
195.9,0,0,0,0,0,0,0,0,0,0,0,0,0.001
196,0,0,0,0,0,0,0,0,0,0,0,0,0.001
196.1,0,0,0,0,0,0,0,0,0,0,0,0,0.001
196.2,0,0,0,0,0,0,0,0,0,0,0,0,0.001
196.3,0,0,0,0,0,0,0,0,0,0,0,0,0.001
196.4,0,0,0,0,0,0,0,0,0,0,0,0,0.001
196.5,0,0,0,0,0,0,0,0,0,0,0,0,0.001
196.6,0,0,0,0,0,0,0,0,0,0,0,0,0
196.7,0,0,0,0,0,0,0,0,0,0,0,0,0
196.8,0,0,0,0,0,0,0,0,0,0,0,0,0
196.9,0,0,0,0,0,0,0,0,0,0,0,0,0
197,0,0,0,0,0,0,0,0,0,0,0,0,0
197.1,0,0,0,0,0,0,0,0,0,0,0,0,0
197.2,0,0,0,0,0,0,0,0,0,0,0,0,0
197.3,0,0,0,0,0,0,0,0,0,0,0,0,0
197.4,0,0,0,0,0,0,0,0,0,0,0,0,0
